Date,Time,CO2,CO,NO,Temp,Humi
23-12-2023,23:56,563,0,0,29.8,59.8
23-12-2023,23:51,556,0,0,29.8,59.7
23-12-2023,23:56,553,0,0,29.8,59.7
23-12-2023,23:51,558,0,0,29.8,59.7
23-12-2023,23:45,561,0,0,29.9,59.7
23-12-2023,23:40,555,0,0,29.9,59.7
23-12-2023,23:35,556,0,0,29.9,59.7
23-12-2023,23:30,557,0,0,30,59.7
23-12-2023,23:25,556,0,0,30,59.6
23-12-2023,23:20,554,0,0,30.1,59.5
23-12-2023,23:15,552,0,0,30.2,59.4
23-12-2023,23:10,553,0,0,30.2,59.4
23-12-2023,23:05,567,0,0,30.2,59.3
23-12-2023,23:00,566,0,0,30.2,59.2
23-12-2023,22:55,569,0,0,30.2,59.3
23-12-2023,22:50,568,0,0,30.2,59.3
23-12-2023,22:45,573,0,0,30.2,59.4
23-12-2023,22:40,574,0,0,30.2,59.4
23-12-2023,22:35,576,0,0,30.2,59.3
23-12-2023,22:30,578,0,0,29.6,60.4
23-12-2023,22:25,583,0,0,29.6,60.5
23-12-2023,22:20,582,0,0,29.6,60.7
23-12-2023,22:15,578,0,0,29.6,60.7
23-12-2023,22:10,581,0,0,29.6,60.7
23-12-2023,22:05,583,0,0,29.6,60.6
23-12-2023,22:00,567,0,0,29.6,60.6
23-12-2023,21:55,571,0,0,29.6,60.7
23-12-2023,21:50,575,0,0,29.6,59.8
23-12-2023,21:45,572,0,0,29.6,59.8
23-12-2023,21:40,566,0,0,29,59.8
23-12-2023,21:35,570,0,0,29,59.8
23-12-2023,21:30,572,0,0,29,59.8
23-12-2023,21:25,576,0,0,29.3,59.7
23-12-2023,21:20,571,0,0,29.7,59.7
23-12-2023,21:15,566,0,0,30.1,59.7
23-12-2023,21:10,576,0,0,30.7,59.7
23-12-2023,21:05,566,0,0,30.7,59.7
23-12-2023,21:00,563,0,0,30.6,59.7
23-12-2023,20:55,561,0,0,30.6,59.7
23-12-2023,20:50,560,0,0,30.6,59.7
23-12-2023,20:45,558,0,0,30.6,59.7
23-12-2023,20:40,556,0,0,30.6,59.7
23-12-2023,20:35,561,0,0,30.5,59.5
23-12-2023,20:30,566,0,0,30.6,59.5
23-12-2023,20:25,568,0,0,30.5,59.5
23-12-2023,20:20,579,0,0,30.5,59.4
23-12-2023,20:15,584,0,0,30.5,59.4
23-12-2023,20:10,583,0,0,30.4,59.4
23-12-2023,20:05,588,0,0,30.5,59.4
23-12-2023,20:00,593,0,0,30.4,59.4
23-12-2023,19:55,604,0,0,30.1,58.3
23-12-2023,19:50,603,0,0,29.9,58.2
23-12-2023,19:45,593,0,0,29.9,58.4
23-12-2023,19:40,597,0,0,30.2,58.3
23-12-2023,19:35,594,0,0,29.9,58.2
23-12-2023,19:30,591,0,0,29.9,58.1
23-12-2023,19:26,588,0,0,29.9,58.4
23-12-2023,19:20,584,0,0,29.4,58.3
23-12-2023,19:15,588,0,0,29.4,58.2
23-12-2023,19:10,583,0,0,29.4,58.4
23-12-2023,19:05,588,0,0,29.4,58.3
23-12-2023,19:00,593,0,0,29.4,58.2
23-12-2023,18:55,598,0,0,29.4,58.1
23-12-2023,18:50,603,0,0,29.4,58
23-12-2023,18:45,606,0,0,29.4,58.4
23-12-2023,18:40,594,0,0,29.4,58.2
23-12-2023,18:35,588,0,4,29.8,56.9
23-12-2023,18:30,598,0,5,29.9,56.8
23-12-2023,18:25,588,0,3,29.9,56.8
23-12-2023,18:20,586,0,0,29.7,56.7
23-12-2023,18:15,583,0,0,29.7,56.8
23-12-2023,18:11,594,0,0,29.7,56.7
23-12-2023,18:05,593,0,0,29.6,56.7
23-12-2023,18:00,590,0,0,29.6,56.7
23-12-2023,17:55,588,0,0,29.6,56.7
23-12-2023,17:50,593,0,0,29.6,56.7
23-12-2023,17:45,586,0,0,29.6,56.6
23-12-2023,17:40,585,0,0,29.5,58.7
23-12-2023,17:35,584,0,0,29.5,58.4
23-12-2023,17:30,584,0,0,29.5,58.3
23-12-2023,17:25,583,0,0,29.5,58.2
23-12-2023,17:20,581,0,0,29.5,58.4
23-12-2023,17:15,580,0,0,29.5,58.3
23-12-2023,17:11,579,0,0,29.5,58.2
23-12-2023,17:05,574,0,0,29.5,57.7
23-12-2023,17:00,584,0,0,29.5,57.6
23-12-2023,16:55,579,0,0,29.5,58
23-12-2023,16:50,586,0,0,29.5,57.8
23-12-2023,16:30,584,0,0,29.4,57.9
23-12-2023,16:30,580,0,0,29.5,57.8
23-12-2023,16:25,579,0,0,29.5,57.7
23-12-2023,16:20,586,0,0,29.5,57.6
23-12-2023,16:15,585,0,0,29.5,58
23-12-2023,16:10,584,0,0,29.5,57.8
23-12-2023,16:05,594,0,0,29.5,57.7
23-12-2023,16:00,599,0,0,29.5,57.7
23-12-2023,15:55,602,0,0,29.5,57.6
23-12-2023,15:50,608,0,0,30.6,55.4
23-12-2023,15:40,610,0,0,30.9,56.3
23-12-2023,15:30,615,0,0,31.4,56.4
23-12-2023,15:25,620,0,4,31.5,55.8
23-12-2023,15:20,630,0,8,31.6,55.8
23-12-2023,15:15,648,5,10,31.7,55.7
23-12-2023,15:10,659,9,15,32,55.7
23-12-2023,15:05,674,16,20,31.9,55.8
23-12-2023,15:00,698,18,22,31.8,55.7
23-12-2023,14:55,688,15,21,31.7,56
23-12-2023,14:50,670,13,16,31.5,56.2
23-12-2023,14:45,665,10,8,31.4,56.1
23-12-2023,14:40,650,7,6,31.3,56.2
23-12-2023,14:35,645,5,5,31.2,56.3
23-12-2023,14:30,641,0,0,30.9,56.8
23-12-2023,14:25,595,0,0,30.4,57.3
23-12-2023,14:20,575,0,0,30.4,57.2
23-12-2023,14:15,574,0,0,30.4,57.3
23-12-2023,14:10,564,0,0,30.4,57.2
23-12-2023,14:05,569,0,0,30.4,57.1
23-12-2023,14:00,561,0,0,30.4,57.5
23-12-2023,13:55,554,0,0,30.4,57.3
23-12-2023,13:50,556,0,0,30.3,57.4
23-12-2023,13:30,556,0,0,30.4,57.3
23-12-2023,13:30,561,0,0,30.4,57.2
23-12-2023,13:25,570,0,0,30.4,57.1
23-12-2023,13:20,569,0,0,30.4,57.5
23-12-2023,13:15,574,0,0,30.4,57.3
23-12-2023,13:10,584,0,0,30.3,57.4
23-12-2023,13:05,580,0,0,30.4,57.3
23-12-2023,13:00,579,0,0,30.4,57.2
23-12-2023,12:56,584,0,1,30.4,57.1
23-12-2023,12:50,597,0,4,30.4,57.5
23-12-2023,12:45,595,0,3,30.4,57.3
23-12-2023,12:40,599,0,0,30.4,57.3
23-12-2023,12:35,596,0,4,30.4,57.2
23-12-2023,12:30,594,0,5,30.4,57.1
23-12-2023,12:25,590,0,7,30.4,57.5
23-12-2023,12:20,589,0,8,30.4,57.3
23-12-2023,12:15,584,0,5,30.4,57.3
23-12-2023,12:10,574,0,4,30.4,57.2
23-12-2023,12:05,589,0,3,30.4,57.1
23-12-2023,12:00,594,0,0,30.4,57.5
23-12-2023,11:55,599,0,0,30.4,57.3
23-12-2023,11:50,604,0,0,30.3,57.4
23-12-2023,11:45,611,0,3,30.4,57.3
23-12-2023,11:40,609,0,4,30.4,57.2
23-12-2023,11:35,609,0,5,30.4,57.1
23-12-2023,11:30,604,0,3,30.4,57.5
23-12-2023,11:25,603,0,0,30.4,57.3
23-12-2023,11:20,616,0,0,30.3,57.4
23-12-2023,11:15,614,0,0,30.4,57.3
23-12-2023,11:10,605,0,0,30.3,57.4
23-12-2023,11:05,604,0,0,30.4,57.3
23-12-2023,11:00,594,0,0,30.4,57.2
23-12-2023,10:55,569,0,0,30.4,57.1
23-12-2023,10:50,564,0,0,30.4,57.5
23-12-2023,10:45,581,0,0,30.4,57.3
23-12-2023,10:40,583,0,0,30.3,57.4
23-12-2023,10:35,585,0,0,30.4,57.3
23-12-2023,10:30,589,0,0,30.3,57.4
23-12-2023,10:00,590,0,4,30.4,57.3
23-12-2023,9:55,592,0,6,30.4,57.2
23-12-2023,9:50,594,0,5,30.4,57.1
23-12-2023,9:45,596,0,3,30.4,57.3
23-12-2023,9:30,594,0,0,30.3,57.4
23-12-2023,9:25,594,0,0,30.4,57.3
23-12-2023,9:20,584,0,0,30.4,57.2
23-12-2023,9:15,582,0,0,30.4,57.1
23-12-2023,9:10,574,0,0,30.4,57.3
23-12-2023,9:05,569,0,0,30.3,57.4
23-12-2023,9:00,564,0,0,30.4,57.3
23-12-2023,8:55,574,0,0,30.4,57.2
23-12-2023,8:50,565,0,0,30.3,57.4
23-12-2023,8:45,570,0,0,30.3,57.8
23-12-2023,8:40,561,0,0,30.3,57.6
23-12-2023,8:35,574,0,0,30.2,57.7
23-12-2023,8:30,570,0,0,30.3,57.6
23-12-2023,8:25,573,0,0,30.3,57.5
23-12-2023,8:20,558,0,0,30.3,57.4
23-12-2023,8:15,555,0,0,30.3,57.8
23-12-2023,8:10,558,0,0,30.3,57.6
23-12-2023,8:05,556,0,0,30.2,57.7
23-12-2023,8:00,555,0,0,30,57.6
23-12-2023,7:55,561,0,0,30,57.6
23-12-2023,7:50,553,0,0,30,57.8
23-12-2023,7:45,555,0,0,30,57.6
23-12-2023,7:36,551,0,0,30,57.6
23-12-2023,7:30,543,0,0,30,57.6
23-12-2023,7:25,550,0,0,30.1,57.6
23-12-2023,7:20,545,0,0,30.1,57.9
23-12-2023,7:15,554,0,0,30.1,57.6
23-12-2023,7:10,550,0,0,30.1,57.9
23-12-2023,7:05,555,0,0,30,57.6
23-12-2023,7:00,550,0,0,30,57.6
23-12-2023,6:55,541,0,0,29.6,58.3
23-12-2023,6:50,550,0,0,29.4,58.5
23-12-2023,6:45,539,0,0,29.4,58.9
23-12-2023,6:36,561,0,0,29.4,59.1
23-12-2023,6:30,553,0,0,29.2,59.3
23-12-2023,6:25,555,0,0,29.2,59.5
23-12-2023,6:20,551,0,0,29.2,59.5
23-12-2023,6:15,557,0,0,29.2,59.5
23-12-2023,6:10,555,0,0,29.2,59.5
23-12-2023,6:05,551,0,0,29.2,59.5
23-12-2023,6:00,550,0,0,29.2,59.7
23-12-2023,5:55,546,0,0,29.2,59.7
23-12-2023,5:50,545,0,0,29.2,59.7
23-12-2023,5:45,545,0,0,29.2,59.7
23-12-2023,5:40,537,0,0,29.2,59.7
23-12-2023,5:35,535,0,0,29.2,59.7
23-12-2023,5:30,537,0,0,29.3,59.6
23-12-2023,5:25,540,0,0,29.3,59.8
23-12-2023,5:20,537,0,0,29.3,59.8
23-12-2023,5:15,537,0,0,29.3,59.8
23-12-2023,5:10,541,0,0,29.3,59.8
23-12-2023,5:05,540,0,0,29.3,59.8
23-12-2023,5:00,545,0,0,29.3,59.8
23-12-2023,4:55,560,0,0,29.3,59.8
23-12-2023,4:50,558,0,0,29.3,59.8
23-12-2023,4:46,557,0,0,29.3,59.8
23-12-2023,4:40,555,0,0,29.4,60
23-12-2023,4:35,562,0,0,29.4,60
23-12-2023,4:30,559,0,0,29.4,60
23-12-2023,4:25,555,0,0,29.4,60
23-12-2023,4:20,554,0,0,29.4,60
23-12-2023,4:15,552,0,0,29.4,60
23-12-2023,4:10,545,0,0,29.4,60
23-12-2023,4:05,540,0,0,29.4,60
23-12-2023,4:00,545,0,0,29.4,60
23-12-2023,3:55,551,0,0,29.4,60
23-12-2023,3:50,547,0,0,29.4,60
23-12-2023,3:45,546,0,0,29.4,60
23-12-2023,3:40,545,0,0,29.3,60.1
23-12-2023,3:35,560,0,0,29.3,59.9
23-12-2023,3:30,555,0,0,29.3,59.9
23-12-2023,3:25,553,0,0,29.3,59.9
23-12-2023,3:20,551,0,0,29.3,59.9
23-12-2023,3:15,560,0,0,29.3,59.9
23-12-2023,3:10,557,0,0,29.3,59.9
23-12-2023,3:05,560,0,0,29.3,59.9
23-12-2023,3:00,559,0,0,29.3,59.9
23-12-2023,2:55,555,0,0,29.3,59.9
23-12-2023,2:50,553,0,0,29.3,59.9
23-12-2023,2:45,552,0,0,29.4,60.1
23-12-2023,2:40,560,0,0,29.4,60.1
23-12-2023,2:35,560,0,0,29.4,60.1
23-12-2023,2:30,557,0,0,29.4,60.1
23-12-2023,2:25,560,0,0,29.4,60.1
23-12-2023,2:20,560,0,0,29.4,60.1
23-12-2023,2:15,565,0,0,29.4,60.1
23-12-2023,2:10,566,0,0,29.4,60.1
23-12-2023,2:05,565,0,0,29.4,60.1
23-12-2023,2:00,563,0,0,29.4,60.1
23-12-2023,1:55,560,0,0,29.4,60.1
23-12-2023,1:45,563,0,0,29.4,60.1
23-12-2023,1:40,565,0,0,29.4,60.1
23-12-2023,1:35,567,0,0,29.3,60.4
23-12-2023,1:30,565,0,0,29.3,60.4
23-12-2023,1:25,563,0,0,29.3,60.4
23-12-2023,1:20,566,0,0,29.3,60.4
23-12-2023,1:15,565,0,0,29.3,60.4
23-12-2023,1:11,563,0,0,29.3,60.4
23-12-2023,1:05,562,0,0,29.5,60.1
23-12-2023,1:00,558,0,0,29.5,60.1
23-12-2023,0:55,560,0,0,29.5,60.1
23-12-2023,0:50,565,0,0,29.5,60.1
23-12-2023,0:45,569,0,0,29.6,59.7
23-12-2023,0:40,570,0,0,29.6,59.7
23-12-2023,0:35,573,0,0,29.6,59.7
23-12-2023,0:30,570,0,0,29.6,59.8
23-12-2023,0:25,565,0,0,29.6,59.8
23-12-2023,0:20,570,0,0,29.6,59.8
23-12-2023,0:16,567,0,0,29.7,59.8
23-12-2023,0:10,565,0,0,29.7,59.8
23-12-2023,0:05,561,0,0,29.7,59.8
23-12-2023,0:01,560,0,0,29.7,59.8
24-12-2023,23:56,553,0,0,29.3,60.3
24-12-2023,23:51,546,0,0,29.3,60.2
24-12-2023,23:56,543,0,0,29.3,60.2
24-12-2023,23:51,548,0,0,29.3,60.2
24-12-2023,23:45,551,0,0,29.4,60.2
24-12-2023,23:40,545,0,0,29.4,60.2
24-12-2023,23:35,546,0,0,29.4,60.2
24-12-2023,23:30,547,0,0,29.5,60.2
24-12-2023,23:25,546,0,0,29.5,60.1
24-12-2023,23:20,544,0,0,29.6,60
24-12-2023,23:15,542,0,0,29.7,59.9
24-12-2023,23:10,543,0,0,29.7,59.9
24-12-2023,23:05,551,0,0,29.7,59.8
24-12-2023,23:00,550,0,0,29.7,59.7
24-12-2023,22:55,553,0,0,29.7,59.8
24-12-2023,22:50,552,0,0,29.7,59.8
24-12-2023,22:45,557,0,0,29.7,59.9
24-12-2023,22:40,558,0,0,29.6,60
24-12-2023,22:35,556,0,0,29.6,59.9
24-12-2023,22:30,558,0,0,29.7,59.8
24-12-2023,22:25,563,0,0,29.7,59.9
24-12-2023,22:20,562,0,0,29.7,60.1
24-12-2023,22:15,558,0,0,29.7,60.1
24-12-2023,22:10,561,0,0,29.7,60.1
24-12-2023,22:05,563,0,0,29.7,60
24-12-2023,22:00,547,0,0,29.7,60
24-12-2023,21:55,551,0,0,29.9,59.8
24-12-2023,21:50,555,0,0,29.9,58.9
24-12-2023,21:45,552,0,0,29.9,58.9
24-12-2023,21:40,546,0,0,29.9,58.9
24-12-2023,21:35,550,0,0,29.9,58.9
24-12-2023,21:30,552,0,0,29.9,58.9
24-12-2023,21:25,556,0,0,29.8,58.8
24-12-2023,21:20,551,0,0,30,59.6
24-12-2023,21:15,546,0,0,30,59.6
24-12-2023,21:10,556,0,0,30.2,59.5
24-12-2023,21:05,546,0,0,30.3,58.9
24-12-2023,21:00,543,0,0,30.4,58.9
24-12-2023,20:55,541,0,0,30.4,58.9
24-12-2023,20:50,540,0,0,30.4,58.9
24-12-2023,20:45,538,0,0,30.5,58.9
24-12-2023,20:40,541,0,0,30.4,58.9
24-12-2023,20:35,546,0,0,30.4,58.7
24-12-2023,20:30,551,0,0,30.4,58.7
24-12-2023,20:25,553,0,0,30.3,58.7
24-12-2023,20:20,552,0,0,30.5,58.6
24-12-2023,20:15,557,0,0,30.5,58.6
24-12-2023,20:10,556,0,0,30.4,58.6
24-12-2023,20:05,561,0,0,30.5,58.6
24-12-2023,20:00,566,0,0,30.5,58.6
24-12-2023,19:55,567,0,0,30.5,57.5
24-12-2023,19:50,566,0,0,30.3,57.4
24-12-2023,19:45,556,0,0,30.4,57.6
24-12-2023,19:40,560,0,0,30.3,57.5
24-12-2023,19:35,557,0,0,30,57.4
24-12-2023,19:30,554,0,0,30.2,57.4
24-12-2023,19:26,551,0,0,30.2,57.7
24-12-2023,19:20,547,0,0,30.2,57.6
24-12-2023,19:15,551,0,0,30.2,57.5
24-12-2023,19:10,546,0,0,30.2,57.7
24-12-2023,19:05,551,0,0,30.2,57.6
24-12-2023,19:00,556,0,0,30.2,57.5
24-12-2023,18:55,561,0,0,30.2,57.4
24-12-2023,18:50,566,0,0,30.2,57.3
24-12-2023,18:45,569,0,0,30.2,57.7
24-12-2023,18:40,557,0,0,30.2,57.5
24-12-2023,18:35,551,0,0,30.6,56.2
24-12-2023,18:30,561,0,0,30.6,56.1
24-12-2023,18:25,551,0,0,30.6,56.1
24-12-2023,18:20,549,0,0,30.4,56
24-12-2023,18:15,546,0,0,30.5,56.1
24-12-2023,18:11,557,0,0,30.5,56
24-12-2023,18:05,556,0,0,30.4,56
24-12-2023,18:00,553,0,0,30.4,56
24-12-2023,17:55,551,0,0,30.4,56
24-12-2023,17:50,556,0,0,30.4,56
24-12-2023,17:45,553,0,0,30.4,55.9
24-12-2023,17:40,552,0,0,30.3,58
24-12-2023,17:35,551,0,0,30.3,57.7
24-12-2023,17:30,551,0,0,30.3,57.6
24-12-2023,17:25,550,0,0,30.3,57.5
24-12-2023,17:20,548,0,0,30.3,57.7
24-12-2023,17:15,547,0,0,30.4,57.6
24-12-2023,17:11,546,0,0,30.4,57.5
24-12-2023,17:05,541,0,0,30.4,57.4
24-12-2023,17:00,551,0,0,30.4,57.3
24-12-2023,16:55,546,0,0,30.4,57.7
24-12-2023,16:50,553,0,0,30.4,57.5
24-12-2023,16:30,551,0,0,30.3,57.6
24-12-2023,16:30,547,0,0,30.4,57.5
24-12-2023,16:25,546,0,0,30.4,57.4
24-12-2023,16:20,553,0,0,30.4,57.3
24-12-2023,16:15,552,0,0,30.4,57.7
24-12-2023,16:10,551,0,0,30.4,57.5
24-12-2023,16:05,561,0,0,30.4,57.4
24-12-2023,16:00,566,0,0,30.4,57.4
24-12-2023,15:55,561,0,0,30.4,57.3
24-12-2023,15:50,563,0,0,30.2,55.8
24-12-2023,15:40,556,0,0,30,56.5
24-12-2023,15:30,572,0,0,30.1,56.6
24-12-2023,15:25,576,0,0,30.1,56.5
24-12-2023,15:20,572,0,0,30.2,56.5
24-12-2023,15:15,576,0,0,30.2,56.4
24-12-2023,15:10,568,0,0,30.1,56.4
24-12-2023,15:05,565,0,0,30.2,56.5
24-12-2023,15:00,575,0,0,30.2,56.4
24-12-2023,14:55,566,0,0,30.2,56.5
24-12-2023,14:50,561,0,0,30.2,56.6
24-12-2023,14:45,567,0,0,30.1,56.5
24-12-2023,14:40,557,0,0,30.1,56.5
24-12-2023,14:35,552,0,0,30.2,56.4
24-12-2023,14:30,545,0,0,30.2,56.6
24-12-2023,14:25,552,0,0,30.1,57.3
24-12-2023,14:20,547,0,0,30.1,57.2
24-12-2023,14:15,546,0,0,30.1,57.3
24-12-2023,14:10,536,0,0,30.1,57.2
24-12-2023,14:05,541,0,0,30.1,57.1
24-12-2023,14:00,533,0,0,30.1,57.5
24-12-2023,13:55,526,0,0,30.1,57.3
24-12-2023,13:50,528,0,0,30,57.4
24-12-2023,13:30,528,0,0,30.1,57.3
24-12-2023,13:30,533,0,0,30.1,57.2
24-12-2023,13:25,542,0,0,30.1,57.1
24-12-2023,13:20,541,0,0,30.1,57.5
24-12-2023,13:15,546,0,0,30.1,57.3
24-12-2023,13:10,556,0,0,30,57.4
24-12-2023,13:05,552,0,0,30.1,57.3
24-12-2023,13:00,551,0,0,30.1,57.2
24-12-2023,12:56,556,0,0,30.1,57.1
24-12-2023,12:50,559,0,0,30.1,57.5
24-12-2023,12:45,557,0,0,30.1,57.3
24-12-2023,12:40,561,0,0,30.1,57.3
24-12-2023,12:35,558,0,0,30.1,57.2
24-12-2023,12:30,556,0,0,30.1,57.1
24-12-2023,12:25,552,0,3,30.1,57.5
24-12-2023,12:20,551,0,5,30.1,57.3
24-12-2023,12:15,546,0,2,30.1,57.3
24-12-2023,12:10,536,0,0,30.1,57.2
24-12-2023,12:05,551,0,0,30.1,57.1
24-12-2023,12:00,556,0,0,30.1,57.5
24-12-2023,11:55,561,0,0,30.1,57.3
24-12-2023,11:50,566,0,0,30,57.4
24-12-2023,11:45,573,0,0,30.1,57.3
24-12-2023,11:40,567,0,0,30.1,57.2
24-12-2023,11:35,567,0,0,30.1,57.1
24-12-2023,11:30,562,0,0,30.1,57.5
24-12-2023,11:25,561,0,0,30.1,57.3
24-12-2023,11:20,574,0,0,30,57.4
24-12-2023,11:15,572,0,0,30.1,57.3
24-12-2023,11:10,563,0,0,30,57.4
24-12-2023,11:05,562,0,0,30.1,57.3
24-12-2023,11:00,552,0,0,30.1,57.2
24-12-2023,10:55,527,0,0,30.1,57.1
24-12-2023,10:50,522,0,0,30.1,57.5
24-12-2023,10:45,539,0,0,30.1,57.3
24-12-2023,10:40,541,0,0,30,57.4
24-12-2023,10:35,543,0,0,30.2,57.4
24-12-2023,10:30,547,0,0,30.1,57.5
24-12-2023,10:00,548,0,0,30.2,57.4
24-12-2023,9:55,550,0,0,30.2,57.3
24-12-2023,9:50,552,0,0,30.2,57.2
24-12-2023,9:45,554,0,0,30.2,57.4
24-12-2023,9:30,552,0,0,30.1,57.5
24-12-2023,9:25,552,0,0,30.2,57.4
24-12-2023,9:20,571,0,0,30.2,57.3
24-12-2023,9:15,569,0,0,30.2,57.2
24-12-2023,9:10,561,0,0,30.2,57.4
24-12-2023,9:05,556,0,0,30.1,57.5
24-12-2023,9:00,551,0,0,30.4,57.6
24-12-2023,8:55,561,0,0,30.4,57.5
24-12-2023,8:50,552,0,0,30.4,57.4
24-12-2023,8:45,557,0,0,30.4,57.8
24-12-2023,8:40,548,0,0,30.4,57.6
24-12-2023,8:35,561,0,0,30.3,57.7
24-12-2023,8:30,557,0,0,30.4,57.6
24-12-2023,8:25,560,0,0,30.4,57.5
24-12-2023,8:20,545,0,0,30.4,57.4
24-12-2023,8:15,542,0,0,30.4,57.8
24-12-2023,8:10,545,0,0,30.4,57.6
24-12-2023,8:05,543,0,0,30.3,57.7
24-12-2023,8:00,547,0,0,30.1,57.6
24-12-2023,7:55,553,0,0,30.1,57.6
24-12-2023,7:50,545,0,0,30.1,57.8
24-12-2023,7:45,547,0,0,30.1,57.6
24-12-2023,7:36,543,0,0,30.1,57.6
24-12-2023,7:30,535,0,0,30.1,57.6
24-12-2023,7:25,542,0,0,30.2,57.6
24-12-2023,7:20,537,0,0,30.2,57.9
24-12-2023,7:15,546,0,0,30.2,57.6
24-12-2023,7:10,542,0,0,30.2,57.9
24-12-2023,7:05,547,0,0,30.1,57.6
24-12-2023,7:00,542,0,0,30.1,57.6
24-12-2023,6:55,533,0,0,29.7,58.3
24-12-2023,6:50,542,0,0,29.5,58.5
24-12-2023,6:45,531,0,0,29.5,58.9
24-12-2023,6:36,553,0,0,29.5,59.1
24-12-2023,6:30,545,0,0,29.3,59.3
24-12-2023,6:25,547,0,0,29.3,59.5
24-12-2023,6:20,543,0,0,29.3,59.5
24-12-2023,6:15,549,0,0,29.3,59.5
24-12-2023,6:10,547,0,0,29.3,59.5
24-12-2023,6:05,543,0,0,29.3,59.5
24-12-2023,6:00,542,0,0,29.3,59.7
24-12-2023,5:55,538,0,0,29.3,59.7
24-12-2023,5:50,537,0,0,29.3,59.7
24-12-2023,5:45,537,0,0,29.3,59.7
24-12-2023,5:40,529,0,0,29.3,59.7
24-12-2023,5:35,527,0,0,29.3,59.7
24-12-2023,5:30,529,0,0,29.3,60.1
24-12-2023,5:25,532,0,0,29.3,60.1
24-12-2023,5:20,529,0,0,29.3,60.1
24-12-2023,5:15,529,0,0,29.3,60.1
24-12-2023,5:10,533,0,0,29.3,60.1
24-12-2023,5:05,532,0,0,29.3,60.1
24-12-2023,5:00,537,0,0,29.3,60.1
24-12-2023,4:55,552,0,0,29.3,60.1
24-12-2023,4:50,550,0,0,29.3,60.1
24-12-2023,4:46,549,0,0,29.3,60.1
24-12-2023,4:40,547,0,0,29.4,60.3
24-12-2023,4:35,554,0,0,29.4,60.3
24-12-2023,4:30,551,0,0,29.4,60.3
24-12-2023,4:25,547,0,0,29.1,60.4
24-12-2023,4:20,546,0,0,29.1,60.4
24-12-2023,4:15,544,0,0,29.1,60.4
24-12-2023,4:10,537,0,0,29.1,60.4
24-12-2023,4:05,532,0,0,29.1,60.4
24-12-2023,4:00,537,0,0,29.1,60.4
24-12-2023,3:55,543,0,0,29.1,60.4
24-12-2023,3:50,539,0,0,29.1,60.4
24-12-2023,3:45,538,0,0,29.1,60.4
24-12-2023,3:40,537,0,0,29,60.5
24-12-2023,3:35,552,0,0,29,60.3
24-12-2023,3:30,547,0,0,29,60.3
24-12-2023,3:25,545,0,0,29,60.3
24-12-2023,3:20,543,0,0,29,60.3
24-12-2023,3:15,552,0,0,29,60.3
24-12-2023,3:10,549,0,0,29,60.3
24-12-2023,3:05,552,0,0,29,60.3
24-12-2023,3:00,551,0,0,29,60.3
24-12-2023,2:55,547,0,0,29,60.3
24-12-2023,2:50,545,0,0,29,60.3
24-12-2023,2:45,544,0,0,29.1,60.5
24-12-2023,2:40,552,0,0,29.1,60.5
24-12-2023,2:35,552,0,0,29.1,60.5
24-12-2023,2:30,549,0,0,29.1,60.5
24-12-2023,2:25,552,0,0,29.1,60.5
24-12-2023,2:20,552,0,0,29.1,60.5
24-12-2023,2:15,557,0,0,29.1,60.5
24-12-2023,2:10,558,0,0,29.1,60.5
24-12-2023,2:05,557,0,0,29.1,60.5
24-12-2023,2:00,555,0,0,29.1,60.5
24-12-2023,1:55,552,0,0,29.1,60.5
24-12-2023,1:45,555,0,0,29.1,60.5
24-12-2023,1:40,557,0,0,29.1,60.5
24-12-2023,1:35,559,0,0,29,60.8
24-12-2023,1:30,557,0,0,29,60.8
24-12-2023,1:25,555,0,0,29,60.8
24-12-2023,1:20,558,0,0,29,60.8
24-12-2023,1:15,557,0,0,29,60.8
24-12-2023,1:11,555,0,0,29.1,60.7
24-12-2023,1:05,554,0,0,29.1,60.7
24-12-2023,1:00,550,0,0,29.1,60.7
24-12-2023,0:55,552,0,0,29.1,60.7
24-12-2023,0:50,557,0,0,29.1,60.7
24-12-2023,0:45,561,0,0,29.2,60.3
24-12-2023,0:40,562,0,0,29.2,60.3
24-12-2023,0:35,565,0,0,29.2,60.3
24-12-2023,0:30,562,0,0,29.2,60.4
24-12-2023,0:25,557,0,0,29.2,60.4
24-12-2023,0:20,562,0,0,29.2,60.4
24-12-2023,0:16,559,0,0,29.3,60.4
24-12-2023,0:10,557,0,0,29.3,60.4
24-12-2023,0:05,553,0,0,29.3,60.4
24-12-2023,0:01,552,0,0,29.3,60.4
25-12-2023,23:56,556,0,0,29,60.5
25-12-2023,23:51,549,0,0,29,60.4
25-12-2023,23:56,546,0,0,29,60.4
25-12-2023,23:51,551,0,0,29,60.4
25-12-2023,23:45,554,0,0,29.1,60.4
25-12-2023,23:40,548,0,0,29.1,60.4
25-12-2023,23:35,549,0,0,29.1,60.4
25-12-2023,23:30,550,0,0,29.2,60.4
25-12-2023,23:25,549,0,0,29.2,60.3
25-12-2023,23:20,547,0,0,29.3,60.2
25-12-2023,23:15,545,0,0,29.4,60.1
25-12-2023,23:10,546,0,0,29.4,60.1
25-12-2023,23:05,554,0,0,29.4,60
25-12-2023,23:00,553,0,0,29.4,59.9
25-12-2023,22:55,556,0,0,29.4,60
25-12-2023,22:50,555,0,0,29.4,60
25-12-2023,22:45,560,0,0,29.4,60.1
25-12-2023,22:40,561,0,0,29.3,60.2
25-12-2023,22:35,559,0,0,29.3,60.1
25-12-2023,22:30,561,0,0,29.4,60
25-12-2023,22:25,566,0,0,29.4,60.1
25-12-2023,22:20,565,0,0,29.4,60.3
25-12-2023,22:15,561,0,0,29.4,60.3
25-12-2023,22:10,564,0,0,29.4,60.3
25-12-2023,22:05,566,0,0,29.4,60.2
25-12-2023,22:00,550,0,0,29.4,60.2
25-12-2023,21:55,554,0,0,29.4,60.3
25-12-2023,21:50,558,0,0,29.4,59.4
25-12-2023,21:45,555,0,0,29.4,59.4
25-12-2023,21:40,549,0,0,29.4,59.4
25-12-2023,21:35,553,0,0,29.4,59.4
25-12-2023,21:30,555,0,0,29.4,59.4
25-12-2023,21:25,559,0,0,29.7,59.3
25-12-2023,21:20,554,0,0,29.9,59.8
25-12-2023,21:15,549,0,0,29.9,59.8
25-12-2023,21:10,559,0,0,30.1,59.7
25-12-2023,21:05,549,0,0,30.2,59.1
25-12-2023,21:00,546,0,0,30.3,59.1
25-12-2023,20:55,544,0,0,30.3,59.1
25-12-2023,20:50,543,0,0,30.3,59.1
25-12-2023,20:45,541,0,0,30.4,59.1
25-12-2023,20:40,544,0,0,30.3,59.1
25-12-2023,20:35,549,0,0,30.3,58.9
25-12-2023,20:30,554,0,0,30.3,58.9
25-12-2023,20:25,556,0,0,30.2,58.9
25-12-2023,20:20,555,0,0,30.4,58.8
25-12-2023,20:15,560,0,0,30.4,58.8
25-12-2023,20:10,559,0,0,30.3,58.8
25-12-2023,20:05,564,0,0,30.4,58.8
25-12-2023,20:00,569,0,0,30.4,58.8
25-12-2023,19:55,570,0,0,30.4,57.7
25-12-2023,19:50,569,0,0,30.2,57.6
25-12-2023,19:45,559,0,0,30.3,57.8
25-12-2023,19:40,563,0,0,30.2,57.7
25-12-2023,19:35,560,0,0,29.9,57.6
25-12-2023,19:30,557,0,0,29.9,57.5
25-12-2023,19:26,554,0,0,29.9,57.8
25-12-2023,19:20,550,0,0,29.9,57.7
25-12-2023,19:15,554,0,0,29.9,57.6
25-12-2023,19:10,549,0,0,29.9,57.8
25-12-2023,19:05,554,0,0,29.9,57.7
25-12-2023,19:00,559,0,0,29.9,57.6
25-12-2023,18:55,564,0,0,29.9,57.5
25-12-2023,18:50,569,0,0,29.9,57.4
25-12-2023,18:45,572,0,0,29.9,57.8
25-12-2023,18:40,560,0,0,29.9,57.6
25-12-2023,18:35,554,0,0,30.3,56.3
25-12-2023,18:30,564,0,0,30.3,56.2
25-12-2023,18:25,554,0,0,30.3,56.2
25-12-2023,18:20,552,0,0,30.1,56.1
25-12-2023,18:15,549,0,0,30.1,56.4
25-12-2023,18:11,560,0,0,30.1,56.3
25-12-2023,18:05,559,0,0,30,56.3
25-12-2023,18:00,556,0,0,30,56.3
25-12-2023,17:55,554,0,0,30,56.3
25-12-2023,17:50,559,0,0,30,56.3
25-12-2023,17:45,556,0,0,30,56.2
25-12-2023,17:40,555,0,0,29.9,58.3
25-12-2023,17:35,554,0,0,29.9,58
25-12-2023,17:30,554,0,0,29.9,57.9
25-12-2023,17:25,553,0,0,29.9,57.8
25-12-2023,17:20,551,0,0,29.9,58
25-12-2023,17:15,550,0,0,29.9,57.9
25-12-2023,17:11,549,0,0,29.9,57.8
25-12-2023,17:05,544,0,0,29.9,57.7
25-12-2023,17:00,554,0,0,29.9,57.6
25-12-2023,16:55,549,0,0,29.9,58
25-12-2023,16:50,556,0,0,29.9,57.8
25-12-2023,16:30,554,0,0,29.8,57.9
25-12-2023,16:30,550,0,0,29.9,57.8
25-12-2023,16:25,549,0,0,29.9,57.7
25-12-2023,16:20,556,0,0,29.9,57.6
25-12-2023,16:15,555,0,0,29.9,58
25-12-2023,16:10,554,0,0,29.9,57.8
25-12-2023,16:05,564,0,0,29.9,57.7
25-12-2023,16:00,569,0,0,29.9,57.7
25-12-2023,15:55,564,0,0,29.9,57.6
25-12-2023,15:50,566,0,0,29.7,56.1
25-12-2023,15:40,559,0,0,29.8,57
25-12-2023,15:30,575,0,0,29.9,57.1
25-12-2023,15:25,579,0,0,29.9,57
25-12-2023,15:20,575,0,0,30,57
25-12-2023,15:15,579,0,0,30,56.9
25-12-2023,15:10,571,0,0,29.9,56.9
25-12-2023,15:05,568,0,0,30,57
25-12-2023,15:00,578,0,0,30,56.9
25-12-2023,14:55,569,0,0,30,57
25-12-2023,14:50,564,0,0,30,57.1
25-12-2023,14:45,570,0,0,29.9,57
25-12-2023,14:40,560,0,0,29.9,57
25-12-2023,14:35,555,0,0,30,56.9
25-12-2023,14:30,548,0,0,30,57.1
25-12-2023,14:25,555,0,0,29.9,57.8
25-12-2023,14:20,550,0,0,29.9,57.7
25-12-2023,14:15,549,0,0,29.9,57.8
25-12-2023,14:10,539,0,0,29.9,57.7
25-12-2023,14:05,544,0,0,29.9,57.6
25-12-2023,14:00,536,0,0,29.9,58
25-12-2023,13:55,529,0,0,29.9,57.8
25-12-2023,13:50,531,0,3,29.8,57.9
25-12-2023,13:30,531,0,5,29.9,57.8
25-12-2023,13:30,536,0,2,29.9,57.7
25-12-2023,13:25,545,0,0,29.9,57.6
25-12-2023,13:20,544,0,0,29.9,58
25-12-2023,13:15,549,0,0,29.9,57.8
25-12-2023,13:10,559,0,0,29.8,57.9
25-12-2023,13:05,555,0,0,29.9,57.8
25-12-2023,13:00,554,0,0,29.9,57.7
25-12-2023,12:56,559,0,0,29.9,57.6
25-12-2023,12:50,562,0,0,29.9,58
25-12-2023,12:45,560,0,0,29.9,57.8
25-12-2023,12:40,564,0,0,29.9,57.8
25-12-2023,12:35,561,0,0,29.9,57.7
25-12-2023,12:30,559,0,0,29.9,57.6
25-12-2023,12:25,555,0,0,29.9,58
25-12-2023,12:20,554,0,0,29.9,57.8
25-12-2023,12:15,549,0,0,29.9,57.8
25-12-2023,12:10,539,0,0,29.9,57.7
25-12-2023,12:05,554,0,0,29.9,57.6
25-12-2023,12:00,559,0,0,29.9,58
25-12-2023,11:55,564,0,0,29.9,57.8
25-12-2023,11:50,569,0,0,29.8,57.9
25-12-2023,11:45,576,0,0,29.9,57.8
25-12-2023,11:40,570,0,0,29.9,57.7
25-12-2023,11:35,570,0,0,29.9,57.6
25-12-2023,11:30,565,0,0,29.9,58
25-12-2023,11:25,564,0,0,29.9,57.8
25-12-2023,11:20,577,0,0,29.8,57.9
25-12-2023,11:15,575,0,0,29.9,57.8
25-12-2023,11:10,566,0,0,29.8,57.9
25-12-2023,11:05,565,0,0,29.9,57.8
25-12-2023,11:00,555,0,0,29.9,57.7
25-12-2023,10:55,530,0,0,29.9,57.6
25-12-2023,10:50,525,0,0,29.9,58
25-12-2023,10:45,542,0,0,29.9,57.8
25-12-2023,10:40,544,0,0,29.8,57.9
25-12-2023,10:35,546,0,0,29.9,57.8
25-12-2023,10:30,550,0,0,29.8,57.9
25-12-2023,10:00,551,0,0,29.9,57.8
25-12-2023,9:55,553,0,0,29.9,57.7
25-12-2023,9:50,555,0,0,29.9,57.6
25-12-2023,9:45,557,0,0,29.9,57.8
25-12-2023,9:30,555,0,0,29.8,57.9
25-12-2023,9:25,555,0,0,29.9,57.8
25-12-2023,9:20,574,0,0,29.9,57.7
25-12-2023,9:15,572,0,0,29.9,57.6
25-12-2023,9:10,564,0,0,29.9,57.8
25-12-2023,9:05,559,0,0,29.8,57.9
25-12-2023,9:00,554,0,0,29.9,57.8
25-12-2023,8:55,564,0,0,29.9,57.7
25-12-2023,8:50,555,0,0,29.9,57.6
25-12-2023,8:45,560,0,0,29.9,58
25-12-2023,8:40,551,0,0,29.9,57.8
25-12-2023,8:35,564,0,0,29.8,57.9
25-12-2023,8:30,560,0,0,29.9,57.8
25-12-2023,8:25,563,0,0,29.9,57.7
25-12-2023,8:20,548,0,0,29.9,57.6
25-12-2023,8:15,545,0,0,29.9,58
25-12-2023,8:10,548,0,0,29.9,57.8
25-12-2023,8:05,546,0,0,29.8,57.9
25-12-2023,8:00,550,0,0,29.6,57.8
25-12-2023,7:55,556,0,0,29.6,57.8
25-12-2023,7:50,548,0,0,29.6,58
25-12-2023,7:45,550,0,0,29.6,57.8
25-12-2023,7:36,546,0,0,29.6,57.8
25-12-2023,7:30,538,0,0,29.6,57.8
25-12-2023,7:25,545,0,0,29.7,57.8
25-12-2023,7:20,540,0,0,29.7,58.1
25-12-2023,7:15,549,0,0,29.7,57.8
25-12-2023,7:10,545,0,0,29.7,58.1
25-12-2023,7:05,550,0,0,29.6,57.8
25-12-2023,7:00,545,0,0,29.6,57.8
25-12-2023,6:55,536,0,0,29.2,58.5
25-12-2023,6:50,545,0,0,29,58.7
25-12-2023,6:45,534,0,0,29,59.1
25-12-2023,6:36,556,0,0,29,59.3
25-12-2023,6:30,548,0,0,28.8,59.5
25-12-2023,6:25,550,0,0,28.8,59.7
25-12-2023,6:20,546,0,0,28.8,59.7
25-12-2023,6:15,552,0,0,28.8,59.7
25-12-2023,6:10,550,0,0,28.8,59.7
25-12-2023,6:05,546,0,0,28.8,59.7
25-12-2023,6:00,545,0,0,28.8,59.9
25-12-2023,5:55,541,0,0,28.8,59.9
25-12-2023,5:50,540,0,0,28.8,59.9
25-12-2023,5:45,540,0,0,28.8,59.9
25-12-2023,5:40,532,0,0,28.8,59.9
25-12-2023,5:35,530,0,0,28.8,59.9
25-12-2023,5:30,532,0,0,28.8,60.3
25-12-2023,5:25,535,0,0,28.8,60.3
25-12-2023,5:20,532,0,0,28.8,60.3
25-12-2023,5:15,532,0,0,28.8,60.3
25-12-2023,5:10,536,0,0,28.8,60.3
25-12-2023,5:05,535,0,0,28.8,60.3
25-12-2023,5:00,540,0,0,28.8,60.3
25-12-2023,4:55,555,0,0,28.8,60.3
25-12-2023,4:50,553,0,0,28.8,60.3
25-12-2023,4:46,552,0,0,28.8,60.3
25-12-2023,4:40,550,0,0,28.9,60.5
25-12-2023,4:35,557,0,0,28.9,60.5
25-12-2023,4:30,554,0,0,28.9,60.5
25-12-2023,4:25,550,0,0,28.9,60.5
25-12-2023,4:20,549,0,0,28.9,60.5
25-12-2023,4:15,547,0,0,28.9,60.5
25-12-2023,4:10,540,0,0,28.9,60.5
25-12-2023,4:05,535,0,0,28.9,60.5
25-12-2023,4:00,540,0,0,28.9,60.5
25-12-2023,3:55,546,0,0,28.9,60.5
25-12-2023,3:50,542,0,0,28.9,60.5
25-12-2023,3:45,541,0,0,28.9,60.5
25-12-2023,3:40,540,0,0,28.8,60.6
25-12-2023,3:35,555,0,0,28.8,60.4
25-12-2023,3:30,550,0,0,28.8,60.4
25-12-2023,3:25,548,0,0,28.8,60.4
25-12-2023,3:20,546,0,0,28.8,60.4
25-12-2023,3:15,555,0,0,28.8,60.4
25-12-2023,3:10,552,0,0,28.8,60.4
25-12-2023,3:05,555,0,0,28.8,60.4
25-12-2023,3:00,554,0,0,28.8,60.4
25-12-2023,2:55,550,0,0,28.8,60.4
25-12-2023,2:50,548,0,0,28.8,60.4
25-12-2023,2:45,547,0,0,28.9,60.6
25-12-2023,2:40,555,0,0,28.9,60.6
25-12-2023,2:35,555,0,0,28.9,60.6
25-12-2023,2:30,552,0,0,28.9,60.6
25-12-2023,2:25,555,0,0,28.9,60.6
25-12-2023,2:20,555,0,0,28.9,60.6
25-12-2023,2:15,560,0,0,28.9,60.6
25-12-2023,2:10,561,0,0,28.9,60.6
25-12-2023,2:05,560,0,0,28.9,60.6
25-12-2023,2:00,558,0,0,28.9,60.6
25-12-2023,1:55,555,0,0,28.9,60.6
25-12-2023,1:45,558,0,0,28.9,60.6
25-12-2023,1:40,560,0,0,28.9,60.6
25-12-2023,1:35,562,0,0,28.8,60.9
25-12-2023,1:30,560,0,0,28.8,60.9
25-12-2023,1:25,558,0,0,28.8,60.9
25-12-2023,1:20,561,0,0,28.8,60.9
25-12-2023,1:15,560,0,0,28.8,60.9
25-12-2023,1:11,558,0,0,28.8,60.9
25-12-2023,1:05,557,0,0,28.8,60.9
25-12-2023,1:00,553,0,0,28.8,60.9
25-12-2023,0:55,555,0,0,28.8,60.9
25-12-2023,0:50,560,0,0,28.8,60.9
25-12-2023,0:45,564,0,0,28.9,60.5
25-12-2023,0:40,565,0,0,28.9,60.5
25-12-2023,0:35,568,0,0,28.9,60.5
25-12-2023,0:30,565,0,0,28.9,60.6
25-12-2023,0:25,560,0,0,28.9,60.6
25-12-2023,0:20,565,0,0,28.9,60.6
25-12-2023,0:16,562,0,0,29,60.6
25-12-2023,0:10,560,0,0,29,60.6
25-12-2023,0:05,556,0,0,29,60.6
25-12-2023,0:01,555,0,0,29,60.6
26-12-2023,23:56,568,0,0,29.6,59.8
26-12-2023,23:51,561,0,0,29.6,59.7
26-12-2023,23:56,558,0,0,29.6,59.7
26-12-2023,23:51,563,0,0,29.6,59.7
26-12-2023,23:45,566,0,0,29.7,59.7
26-12-2023,23:40,560,0,0,29.7,59.7
26-12-2023,23:35,561,0,0,29.7,59.7
26-12-2023,23:30,562,0,0,29.8,59.7
26-12-2023,23:25,561,0,0,29.8,59.6
26-12-2023,23:20,559,0,0,29.9,59.5
26-12-2023,23:15,557,0,0,30,59.4
26-12-2023,23:10,558,0,0,30,59.4
26-12-2023,23:05,572,0,0,30,59.3
26-12-2023,23:00,571,0,0,30,59.2
26-12-2023,22:55,574,0,0,30,59.3
26-12-2023,22:50,573,0,0,30,59.3
26-12-2023,22:45,578,0,0,30,59.4
26-12-2023,22:40,579,0,0,30,59.4
26-12-2023,22:35,581,0,0,30,59.3
26-12-2023,22:30,583,0,0,30.1,59.2
26-12-2023,22:25,588,0,0,30.1,59.3
26-12-2023,22:20,587,0,0,30.1,59.5
26-12-2023,22:15,583,0,0,30.1,59.5
26-12-2023,22:10,586,0,0,30.1,59.5
26-12-2023,22:05,588,0,0,30.1,59.4
26-12-2023,22:00,572,0,0,30.1,59.4
26-12-2023,21:55,576,0,0,30.1,59.5
26-12-2023,21:50,580,0,0,30.1,58.6
26-12-2023,21:45,577,0,0,30.1,58.6
26-12-2023,21:40,571,0,0,30.1,58.6
26-12-2023,21:35,575,0,0,30.1,58.6
26-12-2023,21:30,577,0,0,30.1,58.6
26-12-2023,21:25,581,0,0,30.4,58.5
26-12-2023,21:20,576,0,0,30.8,58.5
26-12-2023,21:15,571,0,0,31.2,58.5
26-12-2023,21:10,581,0,0,31.8,58.5
26-12-2023,21:05,571,0,0,31.8,58.5
26-12-2023,21:00,568,0,0,31.7,58.5
26-12-2023,20:55,566,0,0,31.7,58.5
26-12-2023,20:50,565,0,0,31.7,58.5
26-12-2023,20:45,563,0,0,31.7,58.5
26-12-2023,20:40,561,0,0,31.7,58.5
26-12-2023,20:35,566,0,0,31.6,58.3
26-12-2023,20:30,571,0,0,31.7,58.3
26-12-2023,20:25,573,0,0,31.6,58.3
26-12-2023,20:20,572,0,0,31.6,58.2
26-12-2023,20:15,577,0,0,31.6,58.2
26-12-2023,20:10,576,0,0,31.5,58.2
26-12-2023,20:05,581,0,0,31.6,58.2
26-12-2023,20:00,586,0,0,31.5,58.2
26-12-2023,19:55,597,0,0,31.2,57.1
26-12-2023,19:50,596,0,0,31,57
26-12-2023,19:45,586,0,0,30.8,57.2
26-12-2023,19:40,590,0,0,30.7,57.9
26-12-2023,19:35,587,0,0,30.4,57.8
26-12-2023,19:30,584,0,0,30.4,57.7
26-12-2023,19:26,581,0,0,30.4,58
26-12-2023,19:20,577,0,0,30.4,57.9
26-12-2023,19:15,581,0,0,30.4,57.8
26-12-2023,19:10,576,0,0,30.4,58
26-12-2023,19:05,581,0,0,30.4,57.9
26-12-2023,19:00,586,0,0,30.4,57.8
26-12-2023,18:55,591,0,0,30.4,57.7
26-12-2023,18:50,596,0,0,30.4,57.6
26-12-2023,18:45,599,0,0,30.4,58
26-12-2023,18:40,587,0,0,30.5,58.1
26-12-2023,18:35,581,0,0,30.9,56.8
26-12-2023,18:30,591,0,0,30.9,56.7
26-12-2023,18:25,581,0,0,30.9,56.7
26-12-2023,18:20,579,0,0,30.7,56.6
26-12-2023,18:15,576,0,0,30.7,56.7
26-12-2023,18:11,587,0,0,30.7,56.6
26-12-2023,18:05,586,0,0,30.6,56.6
26-12-2023,18:00,583,0,0,30.6,56.6
26-12-2023,17:55,581,0,0,30.6,56.6
26-12-2023,17:50,586,0,0,30.6,56.6
26-12-2023,17:45,583,0,0,30.6,56.5
26-12-2023,17:40,582,0,0,30.5,58.6
26-12-2023,17:35,581,0,0,30.5,58.3
26-12-2023,17:30,581,0,0,30.5,58.2
26-12-2023,17:25,580,0,0,30.5,58.1
26-12-2023,17:20,578,0,0,30.5,58.3
26-12-2023,17:15,577,0,0,30.5,58.2
26-12-2023,17:11,576,0,0,30.5,58.1
26-12-2023,17:05,571,0,0,30.5,58
26-12-2023,17:00,581,0,0,30.5,57.9
26-12-2023,16:55,576,0,0,30.5,58.3
26-12-2023,16:50,583,0,0,30.5,58.1
26-12-2023,16:30,581,0,0,30.4,58.2
26-12-2023,16:30,577,0,0,30.5,58.1
26-12-2023,16:25,576,0,0,30.5,58
26-12-2023,16:20,583,0,0,30.5,57.9
26-12-2023,16:15,582,0,0,30.5,58.3
26-12-2023,16:10,581,0,0,30.5,58.1
26-12-2023,16:05,591,0,0,30.5,58
26-12-2023,16:00,596,0,0,30.5,58
26-12-2023,15:55,599,0,0,30.5,57.9
26-12-2023,15:50,601,0,0,31.6,55.7
26-12-2023,15:40,614,0,0,31.9,56.6
26-12-2023,15:30,630,0,0,31.9,56.7
26-12-2023,15:25,635,0,0,32.5,56.2
26-12-2023,15:20,640,0,3,32.4,56.2
26-12-2023,15:15,650,5,8,32.3,56.1
26-12-2023,15:10,685,12,10,32.2,56.1
26-12-2023,15:05,710,17,12,32.1,56.2
26-12-2023,15:00,720,20,14,32,56.1
26-12-2023,14:55,705,18,11,31.9,56.2
26-12-2023,14:50,684,16,8,31.8,56.3
26-12-2023,14:45,650,10,7,31.7,56.2
26-12-2023,14:40,625,8,5,31.5,56.2
26-12-2023,14:35,610,4,4,31.3,56.1
26-12-2023,14:30,590,0,0,31,55.3
26-12-2023,14:25,580,0,0,30.8,56.7
26-12-2023,14:20,575,0,0,30.8,56.6
26-12-2023,14:15,574,0,0,30.8,56.7
26-12-2023,14:10,564,0,0,30.8,56.6
26-12-2023,14:05,569,0,0,30.8,56.5
26-12-2023,14:00,561,0,0,30.8,56.9
26-12-2023,13:55,554,0,0,30.8,56.7
26-12-2023,13:50,556,0,0,30.7,56.8
26-12-2023,13:30,556,0,0,30.8,56.7
26-12-2023,13:30,561,0,0,30.8,56.6
26-12-2023,13:25,570,0,0,30.8,56.5
26-12-2023,13:20,569,0,0,30.8,56.9
26-12-2023,13:15,574,0,0,30.8,56.7
26-12-2023,13:10,584,0,0,30.7,56.8
26-12-2023,13:05,580,0,0,30.8,56.7
26-12-2023,13:00,579,0,0,30.8,56.6
26-12-2023,12:56,584,0,0,30.8,56.5
26-12-2023,12:50,597,0,0,30.8,56.9
26-12-2023,12:45,595,0,2,30.8,56.7
26-12-2023,12:40,599,0,3,30.8,56.7
26-12-2023,12:35,596,0,0,30.8,56.6
26-12-2023,12:30,594,0,0,30.8,56.5
26-12-2023,12:25,590,0,0,30.8,56.9
26-12-2023,12:20,589,0,2,30.8,56.7
26-12-2023,12:15,584,0,3,30.8,56.7
26-12-2023,12:10,574,0,0,30.8,56.6
26-12-2023,12:05,589,0,0,30.8,56.5
26-12-2023,12:00,594,0,0,30.8,56.9
26-12-2023,11:55,599,0,0,30.8,56.7
26-12-2023,11:50,604,0,0,30.7,56.9
26-12-2023,11:45,611,0,0,30.8,56.8
26-12-2023,11:40,609,0,0,30.8,56.7
26-12-2023,11:35,609,0,0,30.8,56.6
26-12-2023,11:30,604,0,0,30.8,57
26-12-2023,11:25,603,0,0,30.8,56.8
26-12-2023,11:20,616,0,0,30.7,56.9
26-12-2023,11:15,614,0,0,30.8,56.8
26-12-2023,11:10,605,0,3,30.7,56.9
26-12-2023,11:05,604,0,2,30.8,56.8
26-12-2023,11:00,594,0,0,30.8,56.7
26-12-2023,10:55,569,0,0,30.8,56.6
26-12-2023,10:50,564,0,0,30.8,57
26-12-2023,10:45,581,0,0,30.8,56.8
26-12-2023,10:40,583,0,0,30.7,56.9
26-12-2023,10:35,585,0,0,30.8,56.8
26-12-2023,10:30,589,0,0,30.7,56.9
26-12-2023,10:00,590,0,5,30.8,56.8
26-12-2023,9:55,592,0,7,30.8,56.7
26-12-2023,9:50,594,0,6,30.8,56.6
26-12-2023,9:45,596,0,5,30.8,56.8
26-12-2023,9:30,594,0,0,30.7,56.9
26-12-2023,9:25,594,0,0,30.8,56.8
26-12-2023,9:20,584,0,0,30.8,56.7
26-12-2023,9:15,582,0,0,30.8,56.6
26-12-2023,9:10,574,0,0,30.8,56.8
26-12-2023,9:05,569,0,0,30.7,56.9
26-12-2023,9:00,564,0,0,30.8,56.8
26-12-2023,8:55,574,0,0,30.6,56.9
26-12-2023,8:50,565,0,0,30.6,56.8
26-12-2023,8:45,570,0,0,30.6,57.2
26-12-2023,8:40,561,0,0,30.6,57
26-12-2023,8:35,574,0,0,30.5,57.1
26-12-2023,8:30,570,0,0,30.6,57
26-12-2023,8:25,573,0,0,30.6,56.9
26-12-2023,8:20,558,0,0,30.6,56.8
26-12-2023,8:15,555,0,0,30.6,57.2
26-12-2023,8:10,558,0,0,30.6,57
26-12-2023,8:05,556,0,0,30.5,57.1
26-12-2023,8:00,555,0,0,30.3,57
26-12-2023,7:55,561,0,0,30.3,57
26-12-2023,7:50,553,0,0,30.3,57.2
26-12-2023,7:45,555,0,0,30.3,57
26-12-2023,7:36,551,0,0,30.3,57
26-12-2023,7:30,543,0,0,30.3,57
26-12-2023,7:25,550,0,0,30.4,57
26-12-2023,7:20,545,0,0,30.4,57.3
26-12-2023,7:15,554,0,0,30.4,57
26-12-2023,7:10,550,0,0,30.3,57.5
26-12-2023,7:05,555,0,0,30.2,57.2
26-12-2023,7:00,550,0,0,30.2,57.2
26-12-2023,6:55,541,0,0,29.8,57.9
26-12-2023,6:50,550,0,0,29.6,58.1
26-12-2023,6:45,539,0,0,29.6,58.5
26-12-2023,6:36,561,0,0,29.6,58.7
26-12-2023,6:30,553,0,0,29.4,58.9
26-12-2023,6:25,555,0,0,29.4,59.1
26-12-2023,6:20,551,0,0,29.2,59
26-12-2023,6:15,557,0,0,29.2,59
26-12-2023,6:10,555,0,0,29.2,59
26-12-2023,6:05,551,0,0,29.2,59
26-12-2023,6:00,550,0,0,29.2,59.2
26-12-2023,5:55,546,0,0,29.2,59.2
26-12-2023,5:50,545,0,0,29.2,59.2
26-12-2023,5:45,545,0,0,29.2,59.2
26-12-2023,5:40,537,0,0,29.2,59.2
26-12-2023,5:35,535,0,0,29.2,59.2
26-12-2023,5:30,537,0,0,29.2,59.6
26-12-2023,5:25,540,0,0,29.2,59.6
26-12-2023,5:20,537,0,0,29.2,59.6
26-12-2023,5:15,537,0,0,29.2,59.6
26-12-2023,5:10,541,0,0,29.2,59.6
26-12-2023,5:05,540,0,0,29.2,59.6
26-12-2023,5:00,545,0,0,29.2,59.6
26-12-2023,4:55,560,0,0,29.2,59.6
26-12-2023,4:50,558,0,0,29.2,59.6
26-12-2023,4:46,557,0,0,29.2,59.6
26-12-2023,4:40,555,0,0,29.3,59.8
26-12-2023,4:35,562,0,0,29.3,59.8
26-12-2023,4:30,559,0,0,29.3,59.8
26-12-2023,4:25,555,0,0,29.4,59.7
26-12-2023,4:20,554,0,0,29.4,59.7
26-12-2023,4:15,552,0,0,29.4,59.7
26-12-2023,4:10,545,0,0,29.4,59.7
26-12-2023,4:05,540,0,0,29.4,59.7
26-12-2023,4:00,545,0,0,29.4,59.7
26-12-2023,3:55,551,0,0,29.4,59.7
26-12-2023,3:50,547,0,0,29.4,59.7
26-12-2023,3:45,546,0,0,29.4,59.7
26-12-2023,3:40,545,0,0,29.3,59.8
26-12-2023,3:35,560,0,0,29.3,59.6
26-12-2023,3:30,555,0,0,29.3,59.6
26-12-2023,3:25,553,0,0,29.3,59.6
26-12-2023,3:20,551,0,0,29.3,59.6
26-12-2023,3:15,560,0,0,29.3,59.6
26-12-2023,3:10,557,0,0,29.3,59.6
26-12-2023,3:05,560,0,0,29.3,59.6
26-12-2023,3:00,559,0,0,29.3,59.6
26-12-2023,2:55,555,0,0,29.3,59.6
26-12-2023,2:50,553,0,0,29.3,59.6
26-12-2023,2:45,552,0,0,29.4,59.8
26-12-2023,2:40,560,0,0,29.4,59.8
26-12-2023,2:35,560,0,0,29.4,59.8
26-12-2023,2:30,557,0,0,29.4,59.8
26-12-2023,2:25,560,0,0,29.4,59.8
26-12-2023,2:20,560,0,0,29.4,59.8
26-12-2023,2:15,565,0,0,29.4,59.8
26-12-2023,2:10,566,0,0,29.4,59.8
26-12-2023,2:05,565,0,0,29.4,59.8
26-12-2023,2:00,563,0,0,29.4,59.8
26-12-2023,1:55,560,0,0,29.4,59.8
26-12-2023,1:45,563,0,0,29.3,60
26-12-2023,1:40,565,0,0,29.3,60
26-12-2023,1:35,567,0,0,29.2,60.3
26-12-2023,1:30,565,0,0,29.2,60.3
26-12-2023,1:25,563,0,0,29.2,60.3
26-12-2023,1:20,566,0,0,29.2,60.3
26-12-2023,1:15,565,0,0,29.2,60.3
26-12-2023,1:11,563,0,0,29.2,60.3
26-12-2023,1:05,562,0,0,29.2,60.3
26-12-2023,1:00,558,0,0,29.2,60.3
26-12-2023,0:55,560,0,0,29.2,60.3
26-12-2023,0:50,565,0,0,29.2,60.3
26-12-2023,0:45,569,0,0,29.3,59.9
26-12-2023,0:40,570,0,0,29.3,59.9
26-12-2023,0:35,573,0,0,29.3,59.9
26-12-2023,0:30,570,0,0,29.3,60
26-12-2023,0:25,565,0,0,29.3,60
26-12-2023,0:20,570,0,0,29.3,60
26-12-2023,0:16,567,0,0,29.4,60
26-12-2023,0:10,565,0,0,29.4,60
26-12-2023,0:05,561,0,0,29.4,60
26-12-2023,0:01,560,0,0,29.4,60
27-12-2023,23:56,555,0,0,29.6,59.8
27-12-2023,23:51,548,0,0,29.6,59.7
27-12-2023,23:56,545,0,0,29.6,59.7
27-12-2023,23:51,550,0,0,29.6,59.7
27-12-2023,23:45,553,0,0,29.7,59.7
27-12-2023,23:40,547,0,0,29.7,59.7
27-12-2023,23:35,548,0,0,29.7,59.7
27-12-2023,23:30,549,0,0,29.8,59.7
27-12-2023,23:25,548,0,0,29.8,59.6
27-12-2023,23:20,546,0,0,29.9,59.5
27-12-2023,23:15,544,0,0,30,59.4
27-12-2023,23:10,545,0,0,30,59.4
27-12-2023,23:05,559,0,0,30,59.3
27-12-2023,23:00,558,0,0,30,59.2
27-12-2023,22:55,561,0,0,30,59.3
27-12-2023,22:50,560,0,0,30,59.3
27-12-2023,22:45,565,0,0,30,59.4
27-12-2023,22:40,566,0,0,30,59.4
27-12-2023,22:35,568,0,0,30,59.3
27-12-2023,22:30,570,0,0,30.1,59.2
27-12-2023,22:25,575,0,0,30.1,59.3
27-12-2023,22:20,574,0,0,30.1,59.5
27-12-2023,22:15,570,0,0,30.1,59.5
27-12-2023,22:10,585,0,0,30.1,59.5
27-12-2023,22:05,587,0,0,30.1,59.4
27-12-2023,22:00,571,0,0,30.1,59.4
27-12-2023,21:55,575,0,0,30.1,59.5
27-12-2023,21:50,579,0,0,30.1,58.6
27-12-2023,21:45,576,0,0,30.1,58.6
27-12-2023,21:40,570,0,0,30.1,58.6
27-12-2023,21:35,574,0,0,30.1,58.6
27-12-2023,21:30,576,0,0,30.1,58.6
27-12-2023,21:25,580,0,0,30.4,58.5
27-12-2023,21:20,575,0,0,30.8,58.5
27-12-2023,21:15,570,0,0,31.2,58.5
27-12-2023,21:10,580,0,0,31.8,58.5
27-12-2023,21:05,570,0,0,31.8,58.5
27-12-2023,21:00,567,0,0,31.7,58.5
27-12-2023,20:55,565,0,0,31.7,58.5
27-12-2023,20:50,564,0,0,31.7,58.5
27-12-2023,20:45,562,0,0,31.7,58.5
27-12-2023,20:40,560,0,0,31.7,58.5
27-12-2023,20:35,565,0,0,31.6,58.3
27-12-2023,20:30,570,0,0,31.7,58.3
27-12-2023,20:25,572,0,0,31.6,58.3
27-12-2023,20:20,571,0,0,31.6,58.2
27-12-2023,20:15,576,0,0,31.6,58.2
27-12-2023,20:10,575,0,0,31.5,58.2
27-12-2023,20:05,580,0,0,31.6,58.2
27-12-2023,20:00,585,0,0,31.5,58.2
27-12-2023,19:55,596,0,0,31.2,57.1
27-12-2023,19:50,595,0,0,31,57
27-12-2023,19:45,585,0,0,30.8,57.2
27-12-2023,19:40,589,0,0,30.7,57.9
27-12-2023,19:35,586,0,0,30.4,57.8
27-12-2023,19:30,583,0,0,30.4,57.7
27-12-2023,19:26,580,0,0,30.4,58
27-12-2023,19:20,576,0,0,30.4,57.9
27-12-2023,19:15,580,0,0,30.4,57.8
27-12-2023,19:10,575,0,0,30.4,58
27-12-2023,19:05,580,0,0,30.4,57.9
27-12-2023,19:00,585,0,0,30.4,57.8
27-12-2023,18:55,590,0,0,30.4,57.7
27-12-2023,18:50,595,0,0,30.4,57.6
27-12-2023,18:45,598,0,0,30.4,58
27-12-2023,18:40,586,0,0,30.5,58.1
27-12-2023,18:35,580,0,0,30.9,56.8
27-12-2023,18:30,590,0,0,30.9,56.7
27-12-2023,18:25,580,0,0,30.9,56.7
27-12-2023,18:20,578,0,0,30.7,56.6
27-12-2023,18:15,575,0,0,30.7,56.7
27-12-2023,18:11,586,0,0,30.7,56.6
27-12-2023,18:05,585,0,0,30.6,56.6
27-12-2023,18:00,582,0,0,30.6,56.6
27-12-2023,17:55,580,0,0,30.6,56.6
27-12-2023,17:50,585,0,0,30.6,56.6
27-12-2023,17:45,582,0,0,30.6,56.5
27-12-2023,17:40,581,0,0,30.5,58.6
27-12-2023,17:35,580,0,0,30.5,58.3
27-12-2023,17:30,580,0,0,30.5,58.2
27-12-2023,17:25,579,0,0,30.5,58.1
27-12-2023,17:20,577,0,0,30.5,58.3
27-12-2023,17:15,576,0,0,30.5,58.2
27-12-2023,17:11,575,0,0,30.5,58.1
27-12-2023,17:05,570,0,0,30.5,58
27-12-2023,17:00,580,0,0,30.5,57.9
27-12-2023,16:55,575,0,0,30.5,58.3
27-12-2023,16:50,582,0,3,30.5,58.1
27-12-2023,16:30,580,0,4,30.4,58.2
27-12-2023,16:30,576,0,6,30.5,58.1
27-12-2023,16:25,575,0,5,30.5,58
27-12-2023,16:20,582,0,0,30.5,57.9
27-12-2023,16:15,581,0,0,30.5,58.3
27-12-2023,16:10,580,0,0,30.5,58.1
27-12-2023,16:05,590,0,0,30.5,58
27-12-2023,16:00,595,0,0,30.5,58
27-12-2023,15:55,598,0,0,30.5,57.9
27-12-2023,15:50,600,0,0,31.6,55.7
27-12-2023,15:40,625,0,0,31.9,56.6
27-12-2023,15:30,640,0,0,31.9,56.7
27-12-2023,15:25,660,0,0,32.5,56.2
27-12-2023,15:20,675,0,5,32.4,56.2
27-12-2023,15:15,681,5,10,32.3,56.1
27-12-2023,15:10,685,10,15,32.2,56.1
27-12-2023,15:05,690,10,20,32.1,56.2
27-12-2023,15:00,700,10,21,32,56.1
27-12-2023,14:55,690,15,20,31.9,56.2
27-12-2023,14:50,678,15,15,31.8,56.3
27-12-2023,14:45,645,10,10,31.7,56.2
27-12-2023,14:40,615,10,10,31.5,56.2
27-12-2023,14:35,600,5,5,31.3,56.1
27-12-2023,14:30,585,0,0,31,55.3
27-12-2023,14:25,582,0,0,30.8,56.7
27-12-2023,14:20,581,0,0,30.8,56.6
27-12-2023,14:15,580,0,0,30.8,56.7
27-12-2023,14:10,570,0,0,30.8,56.6
27-12-2023,14:05,575,0,0,30.8,56.5
27-12-2023,14:00,567,0,0,30.8,56.9
27-12-2023,13:55,560,0,0,30.8,56.7
27-12-2023,13:50,562,0,0,30.7,56.8
27-12-2023,13:30,562,0,0,30.8,56.7
27-12-2023,13:30,567,0,0,30.8,56.6
27-12-2023,13:25,576,0,0,30.8,56.5
27-12-2023,13:20,575,0,0,30.8,56.9
27-12-2023,13:15,580,0,0,30.8,56.7
27-12-2023,13:10,590,0,0,30.7,56.8
27-12-2023,13:05,586,0,0,30.8,56.7
27-12-2023,13:00,585,0,0,30.8,56.6
27-12-2023,12:56,590,0,0,30.8,56.5
27-12-2023,12:50,603,0,0,30.8,56.9
27-12-2023,12:45,601,0,0,30.8,56.7
27-12-2023,12:40,605,0,3,30.8,56.7
27-12-2023,12:35,602,0,4,30.8,56.6
27-12-2023,12:30,600,0,5,30.8,56.5
27-12-2023,12:25,596,0,8,30.8,56.9
27-12-2023,12:20,595,0,8,30.8,56.7
27-12-2023,12:15,590,0,5,30.8,56.7
27-12-2023,12:10,580,0,3,30.8,56.6
27-12-2023,12:05,595,0,4,30.8,56.5
27-12-2023,12:00,600,0,5,30.8,56.9
27-12-2023,11:55,605,0,8,30.8,56.7
27-12-2023,11:50,610,0,8,30.7,56.9
27-12-2023,11:45,617,0,7,30.8,56.8
27-12-2023,11:40,615,0,6,30.8,56.7
27-12-2023,11:35,615,0,5,30.8,56.6
27-12-2023,11:30,610,0,5,30.8,57
27-12-2023,11:25,609,0,5,30.8,56.8
27-12-2023,11:20,622,0,5,30.7,56.9
27-12-2023,11:15,620,0,5,30.8,56.8
27-12-2023,11:10,611,0,3,30.7,56.9
27-12-2023,11:05,610,0,6,30.8,56.8
27-12-2023,11:00,600,0,6,30.8,56.7
27-12-2023,10:55,575,0,5,30.8,56.6
27-12-2023,10:50,570,0,4,30.8,57
27-12-2023,10:45,587,0,6,30.8,56.8
27-12-2023,10:40,589,0,8,30.7,56.9
27-12-2023,10:35,591,0,8,30.8,56.8
27-12-2023,10:30,595,0,7,30.7,56.9
27-12-2023,10:00,596,0,5,30.8,56.8
27-12-2023,9:55,598,0,5,30.8,56.7
27-12-2023,9:50,600,0,5,30.8,56.6
27-12-2023,9:45,602,0,5,30.8,56.8
27-12-2023,9:30,600,0,0,30.7,56.9
27-12-2023,9:25,600,0,0,30.8,56.8
27-12-2023,9:20,590,0,0,30.8,56.7
27-12-2023,9:15,588,0,0,30.8,56.6
27-12-2023,9:10,580,0,0,30.8,56.8
27-12-2023,9:05,575,0,0,30.7,56.9
27-12-2023,9:00,570,0,0,30.8,56.8
27-12-2023,8:55,580,0,0,30.6,56.9
27-12-2023,8:50,571,0,0,30.6,56.8
27-12-2023,8:45,576,0,0,30.6,57.2
27-12-2023,8:40,567,0,0,30.6,57
27-12-2023,8:35,580,0,0,30.5,57.1
27-12-2023,8:30,576,0,0,30.6,57
27-12-2023,8:25,578,0,0,30.6,56.9
27-12-2023,8:20,563,0,0,30.6,56.8
27-12-2023,8:15,560,0,0,30.6,57.2
27-12-2023,8:10,563,0,0,30.6,57
27-12-2023,8:05,561,0,0,30.5,57.1
27-12-2023,8:00,560,0,0,30.3,57
27-12-2023,7:55,566,0,0,30.3,57
27-12-2023,7:50,558,0,0,30.3,57.2
27-12-2023,7:45,560,0,0,30.3,57
27-12-2023,7:36,556,0,0,30.3,57
27-12-2023,7:30,548,0,0,30.3,57
27-12-2023,7:25,555,0,0,30.4,57
27-12-2023,7:20,550,0,0,30.4,57.3
27-12-2023,7:15,559,0,0,30.4,57
27-12-2023,7:10,555,0,0,30.3,57.5
27-12-2023,7:05,560,0,0,30.2,57.2
27-12-2023,7:00,555,0,0,30.2,57.2
27-12-2023,6:55,546,0,0,29.8,57.9
27-12-2023,6:50,555,0,0,29.6,58.1
27-12-2023,6:45,544,0,0,29.6,58.5
27-12-2023,6:36,566,0,0,29.6,58.7
27-12-2023,6:30,558,0,0,29.4,58.9
27-12-2023,6:25,560,0,0,29.4,59.1
27-12-2023,6:20,556,0,0,29.2,59
27-12-2023,6:15,562,0,0,29.2,59
27-12-2023,6:10,560,0,0,29.2,59
27-12-2023,6:05,556,0,0,29.2,59
27-12-2023,6:00,555,0,0,29.2,59.2
27-12-2023,5:55,551,0,0,29.2,59.2
27-12-2023,5:50,550,0,0,29.2,59.2
27-12-2023,5:45,550,0,0,29.2,59.2
27-12-2023,5:40,542,0,0,29.2,59.2
27-12-2023,5:35,540,0,0,29.2,59.2
27-12-2023,5:30,542,0,0,29.2,59.6
27-12-2023,5:25,545,0,0,29.2,59.6
27-12-2023,5:20,542,0,0,29.2,59.6
27-12-2023,5:15,542,0,0,29.2,59.6
27-12-2023,5:10,546,0,0,29.2,59.6
27-12-2023,5:05,545,0,0,29.2,59.6
27-12-2023,5:00,550,0,0,29.2,59.6
27-12-2023,4:55,565,0,0,29.2,59.6
27-12-2023,4:50,563,0,0,29.2,59.6
27-12-2023,4:46,562,0,0,29.2,59.6
27-12-2023,4:40,560,0,0,29.3,59.8
27-12-2023,4:35,567,0,0,29.3,59.8
27-12-2023,4:30,564,0,0,29.3,59.8
27-12-2023,4:25,560,0,0,29.4,59.7
27-12-2023,4:20,559,0,0,29.4,59.7
27-12-2023,4:15,557,0,0,29.4,59.7
27-12-2023,4:10,550,0,0,29.4,59.7
27-12-2023,4:05,545,0,0,29.4,59.7
27-12-2023,4:00,550,0,0,29.4,59.7
27-12-2023,3:55,556,0,0,29.4,59.7
27-12-2023,3:50,552,0,0,29.4,59.7
27-12-2023,3:45,551,0,0,29.4,59.7
27-12-2023,3:40,550,0,0,29.3,59.8
27-12-2023,3:35,565,0,0,29.3,59.6
27-12-2023,3:30,560,0,0,29.3,59.6
27-12-2023,3:25,558,0,0,29.3,59.6
27-12-2023,3:20,556,0,0,29.3,59.6
27-12-2023,3:15,565,0,0,29.3,59.6
27-12-2023,3:10,562,0,0,29.3,59.6
27-12-2023,3:05,565,0,0,29.3,59.6
27-12-2023,3:00,564,0,0,29.3,59.6
27-12-2023,2:55,560,0,0,29.3,59.6
27-12-2023,2:50,558,0,0,29.3,59.6
27-12-2023,2:45,557,0,0,29.4,59.8
27-12-2023,2:40,565,0,0,29.4,59.8
27-12-2023,2:35,565,0,0,29.4,59.8
27-12-2023,2:30,562,0,0,29.4,59.8
27-12-2023,2:25,565,0,0,29.4,59.8
27-12-2023,2:20,565,0,0,29.4,59.8
27-12-2023,2:15,570,0,0,29.4,59.8
27-12-2023,2:10,571,0,0,29.4,59.8
27-12-2023,2:05,570,0,0,29.4,59.8
27-12-2023,2:00,568,0,0,29.4,59.8
27-12-2023,1:55,565,0,0,29.4,59.8
27-12-2023,1:45,568,0,0,29.3,60
27-12-2023,1:40,570,0,0,29.3,60
27-12-2023,1:35,572,0,0,29.2,60.3
27-12-2023,1:30,570,0,0,29.2,60.3
27-12-2023,1:25,568,0,0,29.2,60.3
27-12-2023,1:20,571,0,0,29.2,60.3
27-12-2023,1:15,570,0,0,29.2,60.3
27-12-2023,1:11,568,0,0,29.2,60.3
27-12-2023,1:05,567,0,0,29.2,60.3
27-12-2023,1:00,563,0,0,29.2,60.3
27-12-2023,0:55,565,0,0,29.2,60.3
27-12-2023,0:50,570,0,0,29.2,60.3
27-12-2023,0:45,574,0,0,29.3,59.9
27-12-2023,0:40,575,0,0,29.3,59.9
27-12-2023,0:35,578,0,0,29.3,59.9
27-12-2023,0:30,575,0,0,29.3,60
27-12-2023,0:25,570,0,0,29.3,60
27-12-2023,0:20,575,0,0,29.3,60
27-12-2023,0:16,572,0,0,29.4,60
27-12-2023,0:10,570,0,0,29.4,60
27-12-2023,0:05,566,0,0,29.4,60
27-12-2023,0:01,565,0,0,29.4,60
28-12-2023,23:56,557,0,0,29.3,60
28-12-2023,23:51,550,0,0,29.3,59.9
28-12-2023,23:56,547,0,0,29.3,59.9
28-12-2023,23:51,552,0,0,29.3,59.9
28-12-2023,23:45,555,0,0,29.4,59.9
28-12-2023,23:40,549,0,0,29.4,59.9
28-12-2023,23:35,550,0,0,29.4,59.9
28-12-2023,23:30,551,0,0,29.3,60.3
28-12-2023,23:25,550,0,0,29.3,60.2
28-12-2023,23:20,548,0,0,29.3,60.3
28-12-2023,23:15,546,0,0,29.4,60.2
28-12-2023,23:10,547,0,0,29.4,60.2
28-12-2023,23:05,561,0,0,29.4,60.1
28-12-2023,23:00,560,0,0,29.4,60
28-12-2023,22:55,563,0,0,29.4,60.1
28-12-2023,22:50,562,0,0,29.4,60.1
28-12-2023,22:45,567,0,0,29.4,60.2
28-12-2023,22:40,568,0,0,29.4,60.2
28-12-2023,22:35,570,0,0,29.4,60.1
28-12-2023,22:30,572,0,0,29.7,59.7
28-12-2023,22:25,577,0,0,29.7,59.8
28-12-2023,22:20,576,0,0,29.7,60
28-12-2023,22:15,567,0,0,29.7,60
28-12-2023,22:10,582,0,0,29.7,60
28-12-2023,22:05,584,0,0,29.7,59.9
28-12-2023,22:00,568,0,0,29.7,59.9
28-12-2023,21:55,572,0,0,29.7,60
28-12-2023,21:50,576,0,0,29.7,59.1
28-12-2023,21:45,573,0,0,29.7,59.1
28-12-2023,21:40,567,0,0,29.7,59.1
28-12-2023,21:35,571,0,0,29.7,59.1
28-12-2023,21:30,573,0,0,29.7,59.1
28-12-2023,21:25,577,0,0,30,59
28-12-2023,21:20,572,0,0,30.4,59
28-12-2023,21:15,567,0,0,30.8,59
28-12-2023,21:10,577,0,0,31.1,59.2
28-12-2023,21:05,567,0,0,31.1,59.2
28-12-2023,21:00,564,0,0,31,59.2
28-12-2023,20:55,562,0,0,31,59.2
28-12-2023,20:50,561,0,0,31,59.2
28-12-2023,20:45,559,0,0,31,59.2
28-12-2023,20:40,557,0,0,31,59.2
28-12-2023,20:35,562,0,0,30.9,59
28-12-2023,20:30,567,0,0,31,59
28-12-2023,20:25,569,0,0,30.9,59
28-12-2023,20:20,573,0,0,30.9,58.9
28-12-2023,20:15,578,0,0,30.9,58.9
28-12-2023,20:10,577,0,0,30.8,58.9
28-12-2023,20:05,582,0,0,30.9,58.9
28-12-2023,20:00,587,0,0,30.8,58.9
28-12-2023,19:55,598,0,0,30.5,57.8
28-12-2023,19:50,597,0,0,30.3,57.7
28-12-2023,19:45,587,0,0,30.1,57.9
28-12-2023,19:40,591,0,0,30,57.8
28-12-2023,19:35,588,0,0,29.7,57.7
28-12-2023,19:30,585,0,0,29.6,57.7
28-12-2023,19:26,582,0,0,29.6,58
28-12-2023,19:20,578,0,0,29.6,57.9
28-12-2023,19:15,582,0,0,29.6,57.8
28-12-2023,19:10,577,0,0,29.6,58
28-12-2023,19:05,582,0,0,29.6,57.9
28-12-2023,19:00,587,0,0,29.6,57.8
28-12-2023,18:55,592,0,0,29.6,57.7
28-12-2023,18:50,597,0,0,29.6,57.6
28-12-2023,18:45,600,0,0,29.6,58
28-12-2023,18:40,588,0,0,29.6,57.8
28-12-2023,18:35,582,0,0,30,56.5
28-12-2023,18:30,592,0,0,30,56.4
28-12-2023,18:25,582,0,0,30,56.4
28-12-2023,18:20,580,0,0,29.8,56.3
28-12-2023,18:15,577,0,0,29.8,56.4
28-12-2023,18:11,588,0,0,29.8,56.3
28-12-2023,18:05,587,0,0,29.7,56.3
28-12-2023,18:00,584,0,0,29.7,56.3
28-12-2023,17:55,582,0,0,29.7,56.3
28-12-2023,17:50,587,0,0,29.7,56.3
28-12-2023,17:45,584,0,0,29.7,56.2
28-12-2023,17:40,583,0,0,29.6,58.3
28-12-2023,17:35,582,0,0,29.6,58
28-12-2023,17:30,582,0,0,29.6,57.9
28-12-2023,17:25,581,0,0,29.6,57.8
28-12-2023,17:20,579,0,0,29.6,58
28-12-2023,17:15,578,0,0,29.6,57.9
28-12-2023,17:11,577,0,0,29.6,57.8
28-12-2023,17:05,572,0,0,29.6,57.7
28-12-2023,17:00,582,0,0,29.6,57.6
28-12-2023,16:55,577,0,0,29.6,58
28-12-2023,16:50,584,0,0,29.6,57.8
28-12-2023,16:30,582,0,0,29.5,57.9
28-12-2023,16:30,578,0,0,29.6,57.8
28-12-2023,16:25,577,0,0,29.6,57.7
28-12-2023,16:20,584,0,0,29.6,57.6
28-12-2023,16:15,610,0,0,29.6,58
28-12-2023,16:10,608,0,0,29.6,57.8
28-12-2023,16:05,605,0,0,29.6,57.7
28-12-2023,16:00,597,0,0,29.6,57.7
28-12-2023,15:55,600,0,0,29.6,57.6
28-12-2023,15:50,602,0,0,30.7,55.4
28-12-2023,15:30,627,0,0,31.2,56.4
28-12-2023,15:40,642,0,0,31.2,56.5
28-12-2023,15:25,662,0,3,31.2,56.4
28-12-2023,15:20,670,0,5,32.1,56.4
28-12-2023,15:15,683,5,8,32.1,56.3
28-12-2023,15:10,705,10,10,32.1,56.3
28-12-2023,15:05,719,12,15,32.1,56.4
28-12-2023,15:00,736,18,25,32.1,56.3
28-12-2023,14:55,716,16,20,32.1,56.4
28-12-2023,14:50,680,12,15,32.1,56.5
28-12-2023,14:45,658,9,10,32.1,56.4
28-12-2023,14:40,629,7,7,32.1,56.4
28-12-2023,14:35,610,5,4,32.1,55.6
28-12-2023,14:30,562,0,0,32.1,55.8
28-12-2023,14:25,560,0,0,30.7,57.2
28-12-2023,14:20,583,0,0,30.7,57.1
28-12-2023,14:15,582,0,0,30.7,57.2
28-12-2023,14:10,572,0,0,30.7,57.1
28-12-2023,14:05,577,0,0,30.7,57
28-12-2023,14:00,569,0,0,30.7,57.4
28-12-2023,13:55,562,0,0,30.7,57.2
28-12-2023,13:50,564,0,0,30.6,57.3
28-12-2023,13:30,564,0,0,30.7,57.2
28-12-2023,13:30,569,0,0,30.7,57.1
28-12-2023,13:25,578,0,0,31,56.9
28-12-2023,13:20,577,0,0,31,57.3
28-12-2023,13:15,582,0,0,31,57.1
28-12-2023,13:10,592,0,0,30.9,57.2
28-12-2023,13:05,588,0,0,31,57.1
28-12-2023,13:00,587,0,0,31,57
28-12-2023,12:56,592,0,0,31,56.9
28-12-2023,12:50,605,0,3,31,57.3
28-12-2023,12:45,603,0,4,31.1,57
28-12-2023,12:40,607,0,3,31.1,57
28-12-2023,12:35,604,0,5,31.1,56.9
28-12-2023,12:30,602,0,5,31.1,56.8
28-12-2023,12:25,598,0,6,31.1,57.2
28-12-2023,12:20,597,0,5,31.1,57
28-12-2023,12:15,592,0,5,31.1,57
28-12-2023,12:10,615,0,4,31.1,56.9
28-12-2023,12:05,600,0,5,31.2,56.9
28-12-2023,12:00,605,0,5,31.2,57.3
28-12-2023,11:55,610,0,4,31.2,57.1
28-12-2023,11:50,611,0,0,31.1,57.2
28-12-2023,11:45,610,0,0,31.2,57.1
28-12-2023,11:40,601,0,0,31.2,57
28-12-2023,11:35,605,0,0,31.2,56.9
28-12-2023,11:30,615,0,5,31.2,57.3
28-12-2023,11:25,614,0,4,31.2,57.1
28-12-2023,11:20,627,0,0,31.1,57.2
28-12-2023,11:15,625,0,0,31.2,57.1
28-12-2023,11:10,616,0,5,31.1,57.2
28-12-2023,11:05,615,0,7,31.2,57.1
28-12-2023,11:00,605,0,6,31.2,57
28-12-2023,10:55,600,0,4,31.2,56.9
28-12-2023,10:50,598,0,3,31.2,57.3
28-12-2023,10:45,605,0,0,31.2,57.1
28-12-2023,10:40,594,0,0,31.1,57.2
28-12-2023,10:35,596,0,0,31.2,57.1
28-12-2023,10:30,600,0,3,31.1,57.2
28-12-2023,10:00,601,0,5,30.6,57.8
28-12-2023,9:55,603,0,6,30.6,57.7
28-12-2023,9:50,605,0,5,30.6,57.6
28-12-2023,9:45,607,0,4,30.6,57.8
28-12-2023,9:30,605,0,3,30.5,57.9
28-12-2023,9:25,605,0,0,30.6,57.8
28-12-2023,9:20,595,0,0,30.6,57.7
28-12-2023,9:15,593,0,0,30.6,57.6
28-12-2023,9:10,585,0,0,30.6,57.8
28-12-2023,9:05,577,0,0,30.5,57.9
28-12-2023,9:00,572,0,0,30.6,57.8
28-12-2023,8:55,582,0,0,30.6,57.7
28-12-2023,8:50,573,0,0,30.6,57.6
28-12-2023,8:45,578,0,0,30.6,58
28-12-2023,8:40,569,0,0,30.6,57.8
28-12-2023,8:35,582,0,0,30.5,57.9
28-12-2023,8:30,578,0,0,30.6,57.8
28-12-2023,8:25,580,0,0,30.6,57.7
28-12-2023,8:20,565,0,0,30.6,57.6
28-12-2023,8:15,562,0,0,30.6,58
28-12-2023,8:10,565,0,0,30.6,57.8
28-12-2023,8:05,563,0,0,30.2,57.6
28-12-2023,8:00,562,0,0,30,57.5
28-12-2023,7:55,568,0,0,30,57.5
28-12-2023,7:50,560,0,0,30,57.7
28-12-2023,7:45,562,0,0,30,57.5
28-12-2023,7:36,558,0,0,30,57.5
28-12-2023,7:30,550,0,0,30,57.5
28-12-2023,7:25,557,0,0,30.1,57.5
28-12-2023,7:20,552,0,0,30.1,57.8
28-12-2023,7:15,561,0,0,30.1,57.5
28-12-2023,7:10,557,0,0,30.1,57.8
28-12-2023,7:05,562,0,0,30,57.5
28-12-2023,7:00,557,0,0,30,57.5
28-12-2023,6:55,548,0,0,29.6,58.2
28-12-2023,6:50,557,0,0,29.4,58.4
28-12-2023,6:45,546,0,0,29.4,58.8
28-12-2023,6:36,568,0,0,29.7,58.6
28-12-2023,6:30,563,0,0,29.5,58.8
28-12-2023,6:25,565,0,0,29.5,59
28-12-2023,6:20,561,0,0,29.5,59
28-12-2023,6:15,567,0,0,29.5,59
28-12-2023,6:10,565,0,0,29.5,59
28-12-2023,6:05,561,0,0,29.5,59
28-12-2023,6:00,560,0,0,29.5,59.2
28-12-2023,5:55,556,0,0,29.5,59.2
28-12-2023,5:50,555,0,0,29.5,59.2
28-12-2023,5:45,555,0,0,29.5,59.2
28-12-2023,5:40,547,0,0,29.5,59.2
28-12-2023,5:35,545,0,0,29.5,59.2
28-12-2023,5:30,547,0,0,29.5,59.6
28-12-2023,5:25,550,0,0,29.5,59.6
28-12-2023,5:20,547,0,0,29.5,59.6
28-12-2023,5:15,547,0,0,29.5,59.6
28-12-2023,5:10,551,0,0,29.5,59.6
28-12-2023,5:05,550,0,0,29.5,59.6
28-12-2023,5:00,555,0,0,29.5,59.6
28-12-2023,4:55,570,0,0,29.5,59.6
28-12-2023,4:50,568,0,0,29.5,59.6
28-12-2023,4:46,567,0,0,29.5,59.6
28-12-2023,4:40,565,0,0,29.6,59.8
28-12-2023,4:35,572,0,0,29.6,59.8
28-12-2023,4:30,569,0,0,29.6,59.8
28-12-2023,4:25,565,0,0,29.6,59.8
28-12-2023,4:20,564,0,0,29.6,59.8
28-12-2023,4:15,562,0,0,29.6,59.8
28-12-2023,4:10,555,0,0,29.6,59.8
28-12-2023,4:05,550,0,0,29.6,59.8
28-12-2023,4:00,555,0,0,29.6,59.8
28-12-2023,3:55,561,0,0,29.6,59.8
28-12-2023,3:50,557,0,0,29.6,59.8
28-12-2023,3:45,556,0,0,29.6,59.8
28-12-2023,3:40,555,0,0,29.5,59.9
28-12-2023,3:35,570,0,0,29.5,59.7
28-12-2023,3:30,565,0,0,29.5,59.7
28-12-2023,3:25,563,0,0,29.5,59.7
28-12-2023,3:20,561,0,0,29.5,59.7
28-12-2023,3:15,570,0,0,29.5,59.7
28-12-2023,3:10,567,0,0,29.5,59.7
28-12-2023,3:05,570,0,0,29.5,59.7
28-12-2023,3:00,569,0,0,29.5,59.7
28-12-2023,2:55,565,0,0,29.5,59.7
28-12-2023,2:50,563,0,0,29.5,59.7
28-12-2023,2:45,562,0,0,29.6,59.9
28-12-2023,2:40,570,0,0,29.6,59.9
28-12-2023,2:35,570,0,0,29.6,59.9
28-12-2023,2:30,567,0,0,29.6,59.9
28-12-2023,2:25,570,0,0,29.6,59.9
28-12-2023,2:20,570,0,0,29.6,59.9
28-12-2023,2:15,575,0,0,29.6,59.9
28-12-2023,2:10,576,0,0,29.6,59.9
28-12-2023,2:05,575,0,0,29.6,59.9
28-12-2023,2:00,573,0,0,29.6,59.9
28-12-2023,1:55,570,0,0,29.6,59.9
28-12-2023,1:45,573,0,0,29.6,59.9
28-12-2023,1:40,575,0,0,29.6,59.9
28-12-2023,1:35,577,0,0,29.5,60.2
28-12-2023,1:30,575,0,0,29.5,60.2
28-12-2023,1:25,573,0,0,29.5,60.2
28-12-2023,1:20,576,0,0,29.5,60.2
28-12-2023,1:15,575,0,0,29.2,60.1
28-12-2023,1:11,573,0,0,29.2,60.1
28-12-2023,1:05,572,0,0,29.2,60.1
28-12-2023,1:00,568,0,0,29.2,60.1
28-12-2023,0:55,570,0,0,29.2,60.1
28-12-2023,0:50,575,0,0,29.2,60.1
28-12-2023,0:45,580,0,0,29.3,59.7
28-12-2023,0:40,581,0,0,29.3,59.7
28-12-2023,0:35,584,0,0,29.3,59.7
28-12-2023,0:30,581,0,0,29.3,59.8
28-12-2023,0:25,576,0,0,29.3,59.8
28-12-2023,0:20,581,0,0,29.3,59.8
28-12-2023,0:16,578,0,0,29.4,59.8
28-12-2023,0:10,576,0,0,29.4,59.8
28-12-2023,0:05,572,0,0,29.4,59.8
28-12-2023,0:01,571,0,0,29.4,59.8
29-12-2023,23:56,564,0,0,29.6,59.9
29-12-2023,23:51,557,0,0,29.6,59.8
29-12-2023,23:56,554,0,0,29.6,59.8
29-12-2023,23:51,559,0,0,29.6,59.8
29-12-2023,23:45,562,0,0,29.7,59.8
29-12-2023,23:40,556,0,0,29.7,59.8
29-12-2023,23:35,557,0,0,29.7,59.8
29-12-2023,23:30,558,0,0,29.8,59.8
29-12-2023,23:25,557,0,0,29.8,59.7
29-12-2023,23:20,555,0,0,29.9,59.6
29-12-2023,23:15,553,0,0,30,59.5
29-12-2023,23:10,554,0,0,30,59.5
29-12-2023,23:05,568,0,0,30,59.4
29-12-2023,23:00,567,0,0,30,60.4
29-12-2023,22:55,570,0,0,30,60.5
29-12-2023,22:50,569,0,0,30,60.5
29-12-2023,22:45,574,0,0,30,60.6
29-12-2023,22:40,575,0,0,30,60.6
29-12-2023,22:35,577,0,0,30,60.5
29-12-2023,22:30,565,0,0,30.1,60.4
29-12-2023,22:25,559,0,0,30.1,60.5
29-12-2023,22:20,558,0,0,30.1,60.7
29-12-2023,22:15,544,0,0,30.1,60.7
29-12-2023,22:10,559,0,0,30.1,60.7
29-12-2023,22:05,561,0,0,30.1,60.6
29-12-2023,22:00,545,0,0,30.1,60.6
29-12-2023,21:55,549,0,0,30.1,60.7
29-12-2023,21:50,553,0,0,30.1,59.8
29-12-2023,21:45,550,0,0,30.1,59.8
29-12-2023,21:40,544,0,0,30.1,59.8
29-12-2023,21:35,548,0,0,30.1,59.8
29-12-2023,21:30,550,0,0,30.1,59.8
29-12-2023,21:25,554,0,0,30.4,59.7
29-12-2023,21:20,549,0,0,30.8,59.7
29-12-2023,21:15,544,0,0,31.2,59.7
29-12-2023,21:10,554,0,0,31.8,59.7
29-12-2023,21:05,544,0,0,31.8,59.7
29-12-2023,21:00,541,0,0,31.7,59.7
29-12-2023,20:55,539,0,0,31.7,59.7
29-12-2023,20:50,538,0,0,31.7,59.7
29-12-2023,20:45,536,0,0,31.7,59.7
29-12-2023,20:40,534,0,0,31.7,59.7
29-12-2023,20:35,539,0,0,31.6,59.5
29-12-2023,20:30,544,0,0,31.7,59.5
29-12-2023,20:25,546,0,0,31.6,59.5
29-12-2023,20:20,555,0,0,31.6,59.4
29-12-2023,20:15,560,0,0,31.6,59.4
29-12-2023,20:10,559,0,0,31.5,59.4
29-12-2023,20:05,564,0,0,31.6,59.4
29-12-2023,20:00,569,0,0,31.5,59.4
29-12-2023,19:55,580,0,0,31.2,58.3
29-12-2023,19:50,579,0,0,31,58.2
29-12-2023,19:45,569,0,0,30.8,58.4
29-12-2023,19:40,573,0,0,30.7,58.3
29-12-2023,19:35,570,0,0,30.9,58.6
29-12-2023,19:30,567,0,0,30.9,58.5
29-12-2023,19:26,564,0,0,30.9,58.8
29-12-2023,19:20,560,0,0,30.9,58.7
29-12-2023,19:15,564,0,0,30.9,58.6
29-12-2023,19:10,559,0,0,30.9,58.8
29-12-2023,19:05,564,0,0,30.9,58.7
29-12-2023,19:00,569,0,0,30.9,58.6
29-12-2023,18:55,574,0,0,30.9,58.5
29-12-2023,18:50,579,0,0,30.9,58.4
29-12-2023,18:45,574,0,0,30.9,58.8
29-12-2023,18:40,562,0,0,30.9,58.6
29-12-2023,18:35,556,0,0,30.7,57.3
29-12-2023,18:30,566,0,0,30.7,57.2
29-12-2023,18:25,556,0,0,30.7,57.2
29-12-2023,18:20,554,0,0,30.7,57.1
29-12-2023,18:15,551,0,0,30.7,57.2
29-12-2023,18:11,562,0,0,30.7,57.1
29-12-2023,18:05,561,0,0,30.6,57.2
29-12-2023,18:00,558,0,0,30.6,57.1
29-12-2023,17:55,556,0,0,30.7,57.1
29-12-2023,17:50,561,0,0,30.7,57.1
29-12-2023,17:45,558,0,0,30.8,57
29-12-2023,17:40,557,0,0,30.9,59.1
29-12-2023,17:35,556,0,4,30.9,58.8
29-12-2023,17:30,556,0,5,30.9,58.7
29-12-2023,17:25,555,0,6,30.9,58.6
29-12-2023,17:20,553,0,3,30.9,58.8
29-12-2023,17:15,552,0,0,30.9,58.7
29-12-2023,17:11,551,0,0,30.9,58.6
29-12-2023,17:05,546,0,0,30.9,58.5
29-12-2023,17:00,556,0,0,30.9,58.4
29-12-2023,16:55,551,0,0,30.9,58.8
29-12-2023,16:50,558,0,0,30.9,58.6
29-12-2023,16:30,556,0,0,30.8,58.7
29-12-2023,16:30,552,0,0,30.9,58.6
29-12-2023,16:25,551,0,0,30.9,58.5
29-12-2023,16:20,558,0,0,30.9,58.4
29-12-2023,16:15,582,0,0,30.9,58.8
29-12-2023,16:10,580,0,0,30.9,58.6
29-12-2023,16:05,577,0,0,30.9,58.5
29-12-2023,16:00,571,0,0,31.6,58.1
29-12-2023,15:55,574,0,0,31.7,58
29-12-2023,15:50,576,0,0,31.8,57.5
29-12-2023,15:40,601,0,0,32,57
29-12-2023,15:30,616,0,0,32.1,56.9
29-12-2023,15:25,636,0,5,32.3,56.8
29-12-2023,15:20,642,0,8,32.5,56.7
29-12-2023,15:15,657,5,10,32.6,56.6
29-12-2023,15:10,658,10,16,32.7,56.6
29-12-2023,15:05,668,12,19,32.8,56.7
29-12-2023,15:00,670,14,24,33,56.5
29-12-2023,14:55,648,12,18,32.9,56.5
29-12-2023,14:50,637,10,15,32.8,56.6
29-12-2023,14:45,615,8,10,32.8,56.7
29-12-2023,14:40,598,7,8,32.7,56.7
29-12-2023,14:35,580,5,5,32.6,56.6
29-12-2023,14:30,568,0,3,32.6,56.8
29-12-2023,14:25,565,0,0,31.2,58.2
29-12-2023,14:20,570,0,0,31.2,58.1
29-12-2023,14:15,569,0,0,31.2,58.2
29-12-2023,14:10,559,0,0,31.2,58.1
29-12-2023,14:05,564,0,0,31.2,58
29-12-2023,14:00,556,0,0,31.2,58.4
29-12-2023,13:55,549,0,0,31.2,58.2
29-12-2023,13:50,551,0,0,31.1,58.3
29-12-2023,13:30,551,0,0,31.2,58.2
29-12-2023,13:30,556,0,0,31.2,58.1
29-12-2023,13:25,565,0,0,31.2,58
29-12-2023,13:20,564,0,0,31.2,58.4
29-12-2023,13:15,549,0,0,31.2,58.2
29-12-2023,13:10,559,0,0,31.1,58.3
29-12-2023,13:05,555,0,5,31.2,58.2
29-12-2023,13:00,554,0,4,31.2,58.1
29-12-2023,12:56,559,0,0,31.2,58
29-12-2023,12:50,572,0,0,31.2,58.4
29-12-2023,12:45,570,0,0,31.2,58.2
29-12-2023,12:40,574,0,0,31.2,58.2
29-12-2023,12:35,571,0,0,31.2,58.1
29-12-2023,12:30,569,0,4,31.2,58
29-12-2023,12:25,565,0,6,31.2,58.4
29-12-2023,12:20,564,0,5,31,58.3
29-12-2023,12:15,559,0,5,31,58.3
29-12-2023,12:10,580,0,2,31,58.2
29-12-2023,12:05,570,0,4,31,58.1
29-12-2023,12:00,575,0,5,31,58.5
29-12-2023,11:55,580,0,2,31,58.3
29-12-2023,11:50,576,0,0,30.9,58.4
29-12-2023,11:45,575,0,0,31,58.3
29-12-2023,11:40,566,0,0,31,58.2
29-12-2023,11:35,570,0,0,31,58.1
29-12-2023,11:30,585,0,4,31,58.5
29-12-2023,11:25,584,0,5,31,58.3
29-12-2023,11:20,597,0,3,30.9,58.4
29-12-2023,11:15,595,0,0,31,58.3
29-12-2023,11:10,586,0,0,30.9,58.4
29-12-2023,11:05,585,0,0,31,58.3
29-12-2023,11:00,626,0,0,31,58.2
29-12-2023,10:55,616,0,0,31,58.1
29-12-2023,10:50,614,0,2,30.7,58.2
29-12-2023,10:45,621,0,4,30.7,58
29-12-2023,10:40,615,0,5,30.6,58.1
29-12-2023,10:35,617,0,3,30.7,58
29-12-2023,10:30,621,0,2,30.6,58.1
29-12-2023,10:00,622,0,5,30.7,58
29-12-2023,9:55,624,0,4,30.7,57.9
29-12-2023,9:50,626,0,6,30.7,57.8
29-12-2023,9:45,628,0,5,30.7,58
29-12-2023,9:30,626,0,0,30.6,58.1
29-12-2023,9:25,626,0,0,30.7,58
29-12-2023,9:20,616,0,0,30.7,57.9
29-12-2023,9:15,614,0,0,30.7,57.8
29-12-2023,9:10,606,0,0,30.7,58
29-12-2023,9:05,595,0,0,30.6,58.1
29-12-2023,9:00,590,0,0,30.7,58
29-12-2023,8:55,600,0,0,30.7,57.9
29-12-2023,8:50,591,0,0,30.7,57.8
29-12-2023,8:45,596,0,0,30.7,58.2
29-12-2023,8:40,586,0,0,30.7,58
29-12-2023,8:35,599,0,0,30.6,58.1
29-12-2023,8:30,595,0,0,30.7,58
29-12-2023,8:25,597,0,0,30.7,57.9
29-12-2023,8:20,582,0,0,30.7,57.8
29-12-2023,8:15,579,0,0,30.7,58.2
29-12-2023,8:10,582,0,0,30.7,58
29-12-2023,8:05,580,0,0,30.6,58.1
29-12-2023,8:00,579,0,0,30.4,58
29-12-2023,7:55,585,0,0,30.4,58
29-12-2023,7:50,577,0,0,30.4,58.2
29-12-2023,7:45,579,0,0,30.4,58
29-12-2023,7:36,575,0,0,30.4,58
29-12-2023,7:30,567,0,0,30.4,58
29-12-2023,7:25,574,0,0,30.5,58
29-12-2023,7:20,569,0,0,30.5,58.3
29-12-2023,7:15,578,0,0,30.5,58
29-12-2023,7:10,574,0,0,30.2,57.4
29-12-2023,7:05,579,0,0,30.1,57.1
29-12-2023,7:00,574,0,0,30.1,57.1
29-12-2023,6:55,560,0,0,29.7,57.8
29-12-2023,6:50,569,0,0,29.5,58
29-12-2023,6:45,558,0,0,29.5,58.4
29-12-2023,6:36,580,0,0,29.5,58.6
29-12-2023,6:30,578,0,0,29.3,58.8
29-12-2023,6:25,580,0,0,29.3,59
29-12-2023,6:20,576,0,0,29.3,59
29-12-2023,6:15,582,0,0,29.3,59
29-12-2023,6:10,580,0,0,29.3,59
29-12-2023,6:05,576,0,0,29.3,59
29-12-2023,6:00,575,0,0,29.3,59.2
29-12-2023,5:55,571,0,0,29.3,59.2
29-12-2023,5:50,570,0,0,29.3,59.2
29-12-2023,5:45,570,0,0,29.3,59.2
29-12-2023,5:40,562,0,0,29.3,59.2
29-12-2023,5:35,560,0,0,29.3,59.2
29-12-2023,5:30,562,0,0,29.3,59.6
29-12-2023,5:25,565,0,0,29.3,59.6
29-12-2023,5:20,562,0,0,29.3,59.6
29-12-2023,5:15,555,0,0,29.3,59.6
29-12-2023,5:10,546,0,0,29.3,59.6
29-12-2023,5:05,545,0,0,29.3,59.6
29-12-2023,5:00,550,0,0,29.3,59.6
29-12-2023,4:55,565,0,0,29.3,59.6
29-12-2023,4:50,563,0,0,29.3,59.6
29-12-2023,4:46,562,0,0,29.3,59.6
29-12-2023,4:40,560,0,0,29.4,59.8
29-12-2023,4:35,567,0,0,29.4,59.8
29-12-2023,4:30,564,0,0,29.4,59.8
29-12-2023,4:25,560,0,0,29.4,59.8
29-12-2023,4:20,559,0,0,29.4,59.8
29-12-2023,4:15,557,0,0,29.4,59.8
29-12-2023,4:10,550,0,0,29.4,59.8
29-12-2023,4:05,545,0,0,29.4,59.8
29-12-2023,4:00,550,0,0,29.4,59.8
29-12-2023,3:55,556,0,0,29.4,59.8
29-12-2023,3:50,552,0,0,29.4,59.8
29-12-2023,3:45,551,0,0,29.4,59.8
29-12-2023,3:40,550,0,0,29.3,59.9
29-12-2023,3:35,565,0,0,29.3,59.7
29-12-2023,3:30,560,0,0,29.3,59.7
29-12-2023,3:25,548,0,0,29.3,59.7
29-12-2023,3:20,546,0,0,29.3,59.7
29-12-2023,3:15,555,0,0,29.3,59.7
29-12-2023,3:10,552,0,0,29.3,59.7
29-12-2023,3:05,555,0,0,29.3,59.7
29-12-2023,3:00,554,0,0,29.3,59.7
29-12-2023,2:55,550,0,0,29.3,59.7
29-12-2023,2:50,548,0,0,29.3,59.7
29-12-2023,2:45,547,0,0,29.4,59.9
29-12-2023,2:40,555,0,0,29.4,59.9
29-12-2023,2:35,555,0,0,29.4,59.9
29-12-2023,2:30,552,0,0,29.4,59.9
29-12-2023,2:25,555,0,0,29.4,59.9
29-12-2023,2:20,555,0,0,29.4,59.9
29-12-2023,2:15,560,0,0,29.4,59.9
29-12-2023,2:10,561,0,0,29.4,59.9
29-12-2023,2:05,560,0,0,29.4,59.9
29-12-2023,2:00,558,0,0,29.4,59.9
29-12-2023,1:55,555,0,0,29.4,59.9
29-12-2023,1:45,558,0,0,29.4,59.9
29-12-2023,1:40,560,0,0,29.4,59.9
29-12-2023,1:35,557,0,0,29.3,60.2
29-12-2023,1:30,555,0,0,29.3,60.2
29-12-2023,1:25,553,0,0,29.3,60.2
29-12-2023,1:20,556,0,0,29.3,60.2
29-12-2023,1:15,555,0,0,29.3,60.2
29-12-2023,1:11,553,0,0,29.3,60.2
29-12-2023,1:05,552,0,0,29.3,60.2
29-12-2023,1:00,548,0,0,29.3,60.2
29-12-2023,0:55,550,0,0,29.3,60.2
29-12-2023,0:50,555,0,0,29.3,60.2
29-12-2023,0:45,561,0,0,29.4,59.8
29-12-2023,0:40,562,0,0,29.4,59.8
29-12-2023,0:35,565,0,0,29.4,59.8
29-12-2023,0:30,562,0,0,29.4,59.9
29-12-2023,0:25,557,0,0,29.4,59.9
29-12-2023,0:20,562,0,0,29.4,59.9
29-12-2023,0:16,559,0,0,29.5,59.9
29-12-2023,0:10,557,0,0,29.5,59.9
29-12-2023,0:05,553,0,0,29.5,59.9
29-12-2023,0:01,552,0,0,29.5,59.9
30-12-2023,23:56,554,0,0,29.1,60.5
30-12-2023,23:51,547,0,0,29.1,60.4
30-12-2023,23:56,544,0,0,29.1,60.4
30-12-2023,23:51,549,0,0,29.1,60.4
30-12-2023,23:45,552,0,0,29.2,60.4
30-12-2023,23:40,546,0,0,29.2,60.4
30-12-2023,23:35,547,0,0,29.2,60.4
30-12-2023,23:30,548,0,0,29.3,60.4
30-12-2023,23:25,547,0,0,29.3,60.3
30-12-2023,23:20,545,0,0,29.4,60.2
30-12-2023,23:15,543,0,0,29.5,60.1
30-12-2023,23:10,544,0,0,29.5,60.1
30-12-2023,23:05,558,0,0,29.5,60.1
30-12-2023,23:00,557,0,0,29.9,60
30-12-2023,22:55,560,0,0,29.9,60.1
30-12-2023,22:50,559,0,0,29.9,60.1
30-12-2023,22:45,564,0,0,29.9,60.2
30-12-2023,22:40,565,0,0,29.9,60.2
30-12-2023,22:35,567,0,0,29.9,60.1
30-12-2023,22:30,555,0,0,30,60
30-12-2023,22:25,549,0,0,30,60.1
30-12-2023,22:20,548,0,0,30,60.3
30-12-2023,22:15,534,0,0,30,60.3
30-12-2023,22:10,564,0,0,30,60.3
30-12-2023,22:05,566,0,0,30,60.2
30-12-2023,22:00,550,0,0,30,60.2
30-12-2023,21:55,554,0,0,30,60.3
30-12-2023,21:50,558,0,0,30,59.4
30-12-2023,21:45,555,0,0,30,59.4
30-12-2023,21:40,549,0,0,30,59.4
30-12-2023,21:35,553,0,0,30,59.4
30-12-2023,21:30,555,0,0,30,59.4
30-12-2023,21:25,559,0,0,30.3,59.3
30-12-2023,21:20,554,0,0,30.7,59.3
30-12-2023,21:15,549,0,0,31.1,59.3
30-12-2023,21:10,559,0,0,31.7,59.3
30-12-2023,21:05,549,0,0,31.7,59.3
30-12-2023,21:00,546,0,0,31.6,59.3
30-12-2023,20:55,544,0,0,31.6,59.3
30-12-2023,20:50,543,0,0,31.6,59.3
30-12-2023,20:45,541,0,0,31.6,59.3
30-12-2023,20:40,539,0,0,31.6,59.3
30-12-2023,20:35,544,0,0,31.5,59.1
30-12-2023,20:30,549,0,0,31.6,59.1
30-12-2023,20:25,551,0,0,31.5,59.1
30-12-2023,20:20,560,0,0,31.5,59
30-12-2023,20:15,565,0,0,31.5,59
30-12-2023,20:10,564,0,0,31.4,59
30-12-2023,20:05,569,0,0,31.5,59
30-12-2023,20:00,574,0,0,31.4,59
30-12-2023,19:55,585,0,0,31.1,57.9
30-12-2023,19:50,584,0,0,30.9,57.8
30-12-2023,19:45,574,0,0,30.7,58
30-12-2023,19:40,578,0,0,30.9,58
30-12-2023,19:35,575,0,0,30.6,57.9
30-12-2023,19:30,572,0,0,30.6,57.8
30-12-2023,19:26,569,0,0,30.6,58.1
30-12-2023,19:20,565,0,0,30.6,58
30-12-2023,19:15,569,0,0,30.6,57.9
30-12-2023,19:10,564,0,0,30.6,58.1
30-12-2023,19:05,569,0,0,30.6,58
30-12-2023,19:00,574,0,0,30.6,57.9
30-12-2023,18:55,579,0,0,30.6,57.8
30-12-2023,18:50,584,0,0,30.6,57.7
30-12-2023,18:45,579,0,0,30.6,58.1
30-12-2023,18:40,567,0,0,30.6,57.9
30-12-2023,18:35,561,0,0,31,56.6
30-12-2023,18:30,571,0,0,31,56.5
30-12-2023,18:25,561,0,0,31,56.5
30-12-2023,18:20,559,0,0,30.8,56.4
30-12-2023,18:15,556,0,0,30.8,56.5
30-12-2023,18:11,567,0,0,30.8,56.4
30-12-2023,18:05,566,0,0,30.7,56.4
30-12-2023,18:00,563,0,0,30.7,56.4
30-12-2023,17:55,561,0,0,30.7,56.4
30-12-2023,17:50,566,0,0,30.7,56.4
30-12-2023,17:45,563,0,0,30.7,56.3
30-12-2023,17:40,562,0,0,30.6,58.4
30-12-2023,17:35,561,0,0,30.6,58.1
30-12-2023,17:30,561,0,0,30.6,58
30-12-2023,17:25,560,0,0,30.6,57.9
30-12-2023,17:20,558,0,0,30.6,58.1
30-12-2023,17:15,557,0,0,30.6,58
30-12-2023,17:11,556,0,0,30.6,57.9
30-12-2023,17:05,551,0,0,30.6,57.8
30-12-2023,17:00,561,0,0,30.6,57.7
30-12-2023,16:55,556,0,0,30.6,58.1
30-12-2023,16:50,563,0,0,30.6,57.9
30-12-2023,16:30,561,0,0,30.5,58
30-12-2023,16:30,557,0,0,30.6,57.9
30-12-2023,16:25,556,0,0,30.6,57.8
30-12-2023,16:20,563,0,0,30.6,57.7
30-12-2023,16:15,587,0,0,30.6,58.1
30-12-2023,16:10,585,0,0,30.6,57.9
30-12-2023,16:05,582,0,0,30.6,57.8
30-12-2023,16:00,576,0,0,30.6,57.8
30-12-2023,15:55,579,0,0,30.6,57.7
30-12-2023,15:50,581,0,0,31.7,55.5
30-12-2023,15:40,606,0,0,32.1,55.7
30-12-2023,15:30,621,0,0,32.3,55.6
30-12-2023,15:25,641,0,4,32.4,55.5
30-12-2023,15:20,647,0,8,32.5,55.4
30-12-2023,15:15,662,6,10,32.6,55.3
30-12-2023,15:10,723,14,14,32.5,55.4
30-12-2023,15:05,733,17,20,32.5,55.4
30-12-2023,15:00,735,20,25,32.4,55.4
30-12-2023,14:55,713,18,19,32.4,55.5
30-12-2023,14:50,702,16,15,32.3,55.6
30-12-2023,14:45,680,10,9,32.3,55.5
30-12-2023,14:40,663,8,7,32.2,55.5
30-12-2023,14:35,645,5,5,32.1,55.4
30-12-2023,14:30,620,0,0,32,55.6
30-12-2023,14:25,614,0,0,30.6,57
30-12-2023,14:20,608,0,0,30.6,56.9
30-12-2023,14:15,603,0,0,30.6,57
30-12-2023,14:10,598,0,0,30.6,56.9
30-12-2023,14:05,590,0,0,30.6,56.8
30-12-2023,14:00,595,0,0,30.6,57.2
30-12-2023,13:55,554,0,0,30.5,57.1
30-12-2023,13:50,556,0,0,30.4,57.2
30-12-2023,13:30,556,0,0,30.5,57.1
30-12-2023,13:30,561,0,0,30.5,57
30-12-2023,13:25,570,0,0,30.5,56.9
30-12-2023,13:20,569,0,0,30.5,57.3
30-12-2023,13:15,554,0,0,30.5,57.1
30-12-2023,13:10,564,0,0,30.4,57.2
30-12-2023,13:05,560,0,0,30.5,57.1
30-12-2023,13:00,559,0,0,30.5,57
30-12-2023,12:56,564,0,4,30.5,56.9
30-12-2023,12:50,577,0,6,30.5,57.3
30-12-2023,12:45,575,0,5,30.5,57.1
30-12-2023,12:40,579,0,4,30.5,57.1
30-12-2023,12:35,576,0,0,30.5,57
30-12-2023,12:30,574,0,0,30.5,56.9
30-12-2023,12:25,570,0,0,30.5,57.3
30-12-2023,12:20,569,0,0,30.5,57.1
30-12-2023,12:15,564,0,0,30.5,57.1
30-12-2023,12:10,585,0,1,30.5,57
30-12-2023,12:05,575,0,3,30.3,57.1
30-12-2023,12:00,580,0,5,30.3,57.5
30-12-2023,11:55,585,0,3,30.3,57.3
30-12-2023,11:50,581,0,2,30.2,57.4
30-12-2023,11:45,580,0,0,30.3,57.3
30-12-2023,11:40,571,0,0,30.3,57.2
30-12-2023,11:35,575,0,0,30.3,57.1
30-12-2023,11:30,590,0,0,30.3,57.5
30-12-2023,11:25,589,0,0,30.3,57.3
30-12-2023,11:20,602,0,0,30.2,57.4
30-12-2023,11:15,600,0,0,30.3,57.3
30-12-2023,11:10,591,0,0,30.2,57.4
30-12-2023,11:05,590,0,0,30.3,57.3
30-12-2023,11:00,631,0,0,30.3,57.2
30-12-2023,10:55,621,0,0,30.3,57.1
30-12-2023,10:50,619,0,4,30.3,57.5
30-12-2023,10:45,626,0,5,30.3,57.3
30-12-2023,10:40,620,0,3,30.2,57.4
30-12-2023,10:35,622,0,4,30.3,57.3
30-12-2023,10:30,626,0,5,30.2,57.4
30-12-2023,10:00,627,0,8,30.3,57.3
30-12-2023,9:55,629,0,7,30.3,57.2
30-12-2023,9:50,631,0,5,30.3,57.1
30-12-2023,9:45,633,0,3,30.3,57.3
30-12-2023,9:30,631,0,0,30.3,57.3
30-12-2023,9:25,631,0,0,30.4,57.2
30-12-2023,9:20,621,0,0,30.4,57.1
30-12-2023,9:15,619,0,0,30.4,57
30-12-2023,9:10,611,0,0,30.4,57.2
30-12-2023,9:05,600,0,0,30.3,57.3
30-12-2023,9:00,595,0,0,30.4,57.2
30-12-2023,8:55,605,0,0,30.4,57.1
30-12-2023,8:50,596,0,0,30.4,57
30-12-2023,8:45,601,0,0,30.4,57.4
30-12-2023,8:40,591,0,0,30.4,57.2
30-12-2023,8:35,604,0,0,30.3,57.3
30-12-2023,8:30,600,0,0,30.4,57.2
30-12-2023,8:25,602,0,0,30.4,57.1
30-12-2023,8:20,587,0,0,30.4,57
30-12-2023,8:15,584,0,0,30.4,57.4
30-12-2023,8:10,587,0,0,30.4,57.2
30-12-2023,8:05,585,0,0,30.3,57.3
30-12-2023,8:00,584,0,0,30.1,57.2
30-12-2023,7:55,590,0,0,30.1,57.2
30-12-2023,7:50,582,0,0,30.1,57.4
30-12-2023,7:45,584,0,0,30.1,57.2
30-12-2023,7:36,580,0,0,30.1,57.2
30-12-2023,7:30,572,0,0,30.2,57.1
30-12-2023,7:25,579,0,0,30.3,57.1
30-12-2023,7:20,574,0,0,30.3,57.4
30-12-2023,7:15,583,0,0,30.3,57.1
30-12-2023,7:10,579,0,0,30.3,57.4
30-12-2023,7:05,584,0,0,30.2,57.1
30-12-2023,7:00,579,0,0,30.2,57.1
30-12-2023,6:55,565,0,0,29.8,57.8
30-12-2023,6:50,574,0,0,29.6,58
30-12-2023,6:45,563,0,0,29.6,58.4
30-12-2023,6:36,585,0,0,29.6,58.6
30-12-2023,6:30,568,0,0,29.3,58.9
30-12-2023,6:25,570,0,0,29.3,59.1
30-12-2023,6:20,566,0,0,29.3,59.1
30-12-2023,6:15,572,0,0,29.3,59.1
30-12-2023,6:10,570,0,0,29.3,59.1
30-12-2023,6:05,566,0,0,29.3,59.1
30-12-2023,6:00,565,0,0,29.3,59.3
30-12-2023,5:55,561,0,0,29.3,59.3
30-12-2023,5:50,560,0,0,29.3,59.3
30-12-2023,5:45,560,0,0,29.2,59.4
30-12-2023,5:40,552,0,0,29.2,59.4
30-12-2023,5:35,550,0,0,29.2,59.4
30-12-2023,5:30,552,0,0,29.2,59.8
30-12-2023,5:25,555,0,0,29.2,59.8
30-12-2023,5:20,552,0,0,29.2,59.8
30-12-2023,5:15,545,0,0,29.2,59.8
30-12-2023,5:10,536,0,0,29.2,59.8
30-12-2023,5:05,535,0,0,29.1,59.7
30-12-2023,5:00,540,0,0,29.1,59.7
30-12-2023,4:55,555,0,0,29.1,59.7
30-12-2023,4:50,553,0,0,29.1,59.7
30-12-2023,4:46,552,0,0,29.1,59.7
30-12-2023,4:40,550,0,0,29.2,59.9
30-12-2023,4:35,557,0,0,29.2,59.9
30-12-2023,4:30,554,0,0,29.2,59.9
30-12-2023,4:25,550,0,0,29.2,59.9
30-12-2023,4:20,549,0,0,29.2,59.9
30-12-2023,4:15,547,0,0,29.2,59.9
30-12-2023,4:10,540,0,0,29.2,59.9
30-12-2023,4:05,535,0,0,29.2,59.9
30-12-2023,4:00,540,0,0,29.2,59.9
30-12-2023,3:55,546,0,0,29.2,59.9
30-12-2023,3:50,542,0,0,29.2,59.9
30-12-2023,3:45,541,0,0,29.2,59.9
30-12-2023,3:40,540,0,0,29.1,60
30-12-2023,3:35,555,0,0,29.1,59.8
30-12-2023,3:30,550,0,0,29.1,59.8
30-12-2023,3:25,538,0,0,29.1,59.8
30-12-2023,3:20,536,0,0,29.1,59.8
30-12-2023,3:15,545,0,0,29.1,59.8
30-12-2023,3:10,542,0,0,29.1,59.8
30-12-2023,3:05,545,0,0,29.1,59.8
30-12-2023,3:00,544,0,0,29.1,59.8
30-12-2023,2:55,540,0,0,29.1,59.8
30-12-2023,2:50,538,0,0,29.1,59.8
30-12-2023,2:45,537,0,0,29.2,60
30-12-2023,2:40,545,0,0,29.2,60
30-12-2023,2:35,545,0,0,29.2,60
30-12-2023,2:30,542,0,0,29.2,60
30-12-2023,2:25,545,0,0,29.2,60
30-12-2023,2:20,545,0,0,29.2,60
30-12-2023,2:15,550,0,0,29.2,60
30-12-2023,2:10,551,0,0,29.2,60
30-12-2023,2:05,550,0,0,29.2,60
30-12-2023,2:00,548,0,0,29.2,60
30-12-2023,1:55,545,0,0,29.2,60
30-12-2023,1:45,548,0,0,29.2,60
30-12-2023,1:40,550,0,0,29.2,60
30-12-2023,1:35,547,0,0,29.1,60.3
30-12-2023,1:30,545,0,0,29.1,60.3
30-12-2023,1:25,543,0,0,29.1,60.3
30-12-2023,1:20,546,0,0,29.1,60.3
30-12-2023,1:15,545,0,0,29.1,60.3
30-12-2023,1:11,543,0,0,29.1,60.3
30-12-2023,1:05,542,0,0,29.1,60.3
30-12-2023,1:00,538,0,0,28.8,60.8
30-12-2023,0:55,540,0,0,28.8,60.8
30-12-2023,0:50,545,0,0,28.8,60.8
30-12-2023,0:45,551,0,0,28.9,60.4
30-12-2023,0:40,552,0,0,28.9,60.4
30-12-2023,0:35,555,0,0,28.9,60.4
30-12-2023,0:30,552,0,0,28.9,60.5
30-12-2023,0:25,547,0,0,28.9,60.5
30-12-2023,0:20,552,0,0,28.9,60.5
30-12-2023,0:16,549,0,0,29,60.5
30-12-2023,0:10,547,0,0,29,60.5
30-12-2023,0:05,543,0,0,29,60.5
30-12-2023,0:01,542,0,0,29,60.5
